switch,duration,n_packets,n_bytes,dl_src,dl_dst,nw_src,nw_dst,tp_src,tp_dst,actions,packets_per_s,bytes_per_s
s1,22.777,1784581,310517094,42:e2:f2:bb:6b:cf,96:d0:d1:87:20:b5,,,,,output:4,1784581,310517094
s2,23.012,1805675,314187450,42:e2:f2:bb:6b:cf,96:d0:d1:87:20:b5,,,,,output:3,1805675,314187450
s1,23.780,1858623,323400402,42:e2:f2:bb:6b:cf,96:d0:d1:87:20:b5,,,,,output:4,74042,12883308
s2,23.989,1841990,320506260,42:e2:f2:bb:6b:cf,96:d0:d1:87:20:b5,,,,,output:3,36315,6318810
s1,0.026,0,0,96:d0:d1:87:20:b5,42:e2:f2:bb:6b:cf,,,,,drop,0,0
s1,0.025,1945829,338574246,42:e2:f2:bb:6b:cf,96:d0:d1:87:20:b5,,,,,drop,1945829,338574246
s2,0.068,233,40542,42:e2:f2:bb:6b:cf,96:d0:d1:87:20:b5,,,,,output:3,0,0
s1,0.039,79753,13877022,42:e2:f2:bb:6b:cf,96:d0:d1:87:20:b5,,,,,drop,0,0
s1,0.038,0,0,96:d0:d1:87:20:b5,42:e2:f2:bb:6b:cf,,,,,drop,0,0
s2,0.339,0,0,96:d0:d1:87:20:b5,42:e2:f2:bb:6b:cf,,,,,drop,0,0
s2,0.337,54807,9536418,42:e2:f2:bb:6b:cf,96:d0:d1:87:20:b5,,,,,drop,54807,9536418
s1,0.016,185283,32239242,42:e2:f2:bb:6b:cf,96:d0:d1:87:20:b5,,,,,drop,105530,18362220
s1,0.012,0,0,96:d0:d1:87:20:b5,42:e2:f2:bb:6b:cf,,,,,drop,0,0
s2,0.239,0,0,96:d0:d1:87:20:b5,42:e2:f2:bb:6b:cf,,,,,drop,0,0
s2,0.234,54807,9536418,42:e2:f2:bb:6b:cf,96:d0:d1:87:20:b5,,,,,drop,0,0
s1,0.033,285076,49603224,42:e2:f2:bb:6b:cf,96:d0:d1:87:20:b5,,,,,drop,99793,17363982
s1,0.030,0,0,96:d0:d1:87:20:b5,42:e2:f2:bb:6b:cf,,,,,drop,0,0
s2,0.253,54807,9536418,42:e2:f2:bb:6b:cf,96:d0:d1:87:20:b5,,,,,drop,0,0
s2,0.248,0,0,96:d0:d1:87:20:b5,42:e2:f2:bb:6b:cf,,,,,drop,0,0
s1,0.038,387598,67442052,42:e2:f2:bb:6b:cf,96:d0:d1:87:20:b5,,,,,drop,102522,17838828
s1,0.034,0,0,96:d0:d1:87:20:b5,42:e2:f2:bb:6b:cf,,,,,drop,0,0
s2,0.237,0,0,96:d0:d1:87:20:b5,42:e2:f2:bb:6b:cf,,,,,drop,0,0
s2,0.235,54807,9536418,42:e2:f2:bb:6b:cf,96:d0:d1:87:20:b5,,,,,drop,0,0
s1,0.037,489787,85222938,42:e2:f2:bb:6b:cf,96:d0:d1:87:20:b5,,,,,drop,102189,17780886
s1,0.033,0,0,96:d0:d1:87:20:b5,42:e2:f2:bb:6b:cf,,,,,drop,0,0
s2,0.011,0,0,42:e2:f2:bb:6b:cf,96:d0:d1:87:20:b5,,,,,output:3,0,0
s1,0.031,0,0,96:d0:d1:87:20:b5,42:e2:f2:bb:6b:cf,,,,,drop,0,0
s1,0.028,78651,13685274,42:e2:f2:bb:6b:cf,96:d0:d1:87:20:b5,,,,,drop,0,0
s2,0.228,0,0,96:d0:d1:87:20:b5,42:e2:f2:bb:6b:cf,,,,,drop,0,0
s2,0.222,51686,8993364,42:e2:f2:bb:6b:cf,96:d0:d1:87:20:b5,,,,,drop,0,0
s1,0.032,0,0,96:d0:d1:87:20:b5,42:e2:f2:bb:6b:cf,,,,,drop,0,0
s1,0.031,179390,31213860,42:e2:f2:bb:6b:cf,96:d0:d1:87:20:b5,,,,,drop,100739,17528586
s2,0.232,0,0,96:d0:d1:87:20:b5,42:e2:f2:bb:6b:cf,,,,,drop,0,0
s2,0.225,51686,8993364,42:e2:f2:bb:6b:cf,96:d0:d1:87:20:b5,,,,,drop,0,0
s1,0.018,282516,49157784,42:e2:f2:bb:6b:cf,96:d0:d1:87:20:b5,,,,,drop,103126,17943924
s1,0.012,0,0,96:d0:d1:87:20:b5,42:e2:f2:bb:6b:cf,,,,,drop,0,0
s2,0.216,0,0,96:d0:d1:87:20:b5,42:e2:f2:bb:6b:cf,,,,,drop,0,0
s2,0.213,51686,8993364,42:e2:f2:bb:6b:cf,96:d0:d1:87:20:b5,,,,,drop,0,0
s1,0.034,383444,66719256,42:e2:f2:bb:6b:cf,96:d0:d1:87:20:b5,,,,,drop,100928,17561472
s1,0.028,0,0,96:d0:d1:87:20:b5,42:e2:f2:bb:6b:cf,,,,,drop,0,0
s2,0.228,0,0,96:d0:d1:87:20:b5,42:e2:f2:bb:6b:cf,,,,,drop,0,0
s2,0.221,51686,8993364,42:e2:f2:bb:6b:cf,96:d0:d1:87:20:b5,,,,,drop,0,0
s1,0.021,486762,84696588,42:e2:f2:bb:6b:cf,96:d0:d1:87:20:b5,,,,,drop,103318,17977332
s1,0.021,0,0,96:d0:d1:87:20:b5,42:e2:f2:bb:6b:cf,,,,,drop,0,0
s2,0.219,0,0,96:d0:d1:87:20:b5,42:e2:f2:bb:6b:cf,,,,,drop,0,0
s2,0.212,51686,8993364,42:e2:f2:bb:6b:cf,96:d0:d1:87:20:b5,,,,,drop,0,0
s1,0.043,36240,6305760,42:e2:f2:bb:6b:cf,96:d0:d1:87:20:b5,,,,,drop,0,0
s1,0.041,0,0,96:d0:d1:87:20:b5,42:e2:f2:bb:6b:cf,,,,,drop,0,0
s2,0.223,0,0,96:d0:d1:87:20:b5,42:e2:f2:bb:6b:cf,,,,,drop,0,0
s2,0.222,10342,1799508,42:e2:f2:bb:6b:cf,96:d0:d1:87:20:b5,,,,,drop,0,0
s1,0.034,0,0,96:d0:d1:87:20:b5,42:e2:f2:bb:6b:cf,,,,,drop,0,0
s1,0.028,136620,23771880,42:e2:f2:bb:6b:cf,96:d0:d1:87:20:b5,,,,,drop,100380,17466120
s2,0.232,0,0,96:d0:d1:87:20:b5,42:e2:f2:bb:6b:cf,,,,,drop,0,0
s2,0.229,10342,1799508,42:e2:f2:bb:6b:cf,96:d0:d1:87:20:b5,,,,,drop,0,0
s1,0.032,0,0,96:d0:d1:87:20:b5,42:e2:f2:bb:6b:cf,,,,,drop,0,0
s1,0.027,237393,41306382,42:e2:f2:bb:6b:cf,96:d0:d1:87:20:b5,,,,,drop,100773,17534502
s2,0.230,0,0,96:d0:d1:87:20:b5,42:e2:f2:bb:6b:cf,,,,,drop,0,0
s2,0.221,10342,1799508,42:e2:f2:bb:6b:cf,96:d0:d1:87:20:b5,,,,,drop,0,0
s1,0.033,0,0,96:d0:d1:87:20:b5,42:e2:f2:bb:6b:cf,,,,,drop,0,0
s1,0.032,343052,59691048,42:e2:f2:bb:6b:cf,96:d0:d1:87:20:b5,,,,,drop,105659,18384666
s2,0.229,10342,1799508,42:e2:f2:bb:6b:cf,96:d0:d1:87:20:b5,,,,,drop,0,0
s2,0.220,0,0,96:d0:d1:87:20:b5,42:e2:f2:bb:6b:cf,,,,,drop,0,0
s1,0.031,446119,77624706,42:e2:f2:bb:6b:cf,96:d0:d1:87:20:b5,,,,,drop,103067,17933658
s1,0.028,0,0,96:d0:d1:87:20:b5,42:e2:f2:bb:6b:cf,,,,,drop,0,0
s2,0.229,10342,1799508,42:e2:f2:bb:6b:cf,96:d0:d1:87:20:b5,,,,,drop,0,0
s2,0.223,0,0,96:d0:d1:87:20:b5,42:e2:f2:bb:6b:cf,,,,,drop,0,0
s1,0.032,547055,95187570,42:e2:f2:bb:6b:cf,96:d0:d1:87:20:b5,,,,,drop,100936,17562864
s1,0.027,0,0,96:d0:d1:87:20:b5,42:e2:f2:bb:6b:cf,,,,,drop,0,0
s2,0.224,0,0,96:d0:d1:87:20:b5,42:e2:f2:bb:6b:cf,,,,,drop,0,0
s2,0.224,10342,1799508,42:e2:f2:bb:6b:cf,96:d0:d1:87:20:b5,,,,,drop,0,0
s1,0.033,88101,15329574,42:e2:f2:bb:6b:cf,96:d0:d1:87:20:b5,,,,,drop,0,0
s1,0.031,0,0,96:d0:d1:87:20:b5,42:e2:f2:bb:6b:cf,,,,,drop,0,0
s2,0.225,0,0,96:d0:d1:87:20:b5,42:e2:f2:bb:6b:cf,,,,,drop,0,0
s2,0.224,27985,4869390,42:e2:f2:bb:6b:cf,96:d0:d1:87:20:b5,,,,,drop,17643,3069882
s1,0.033,188837,32857638,42:e2:f2:bb:6b:cf,96:d0:d1:87:20:b5,,,,,drop,100736,17528064
s1,0.030,0,0,96:d0:d1:87:20:b5,42:e2:f2:bb:6b:cf,,,,,drop,0,0
s2,0.239,27985,4869390,42:e2:f2:bb:6b:cf,96:d0:d1:87:20:b5,,,,,drop,0,0
s2,0.236,0,0,96:d0:d1:87:20:b5,42:e2:f2:bb:6b:cf,,,,,drop,0,0
s1,0.044,289261,50331414,42:e2:f2:bb:6b:cf,96:d0:d1:87:20:b5,,,,,drop,100424,17473776
s1,0.036,0,0,96:d0:d1:87:20:b5,42:e2:f2:bb:6b:cf,,,,,drop,0,0
s2,0.245,0,0,96:d0:d1:87:20:b5,42:e2:f2:bb:6b:cf,,,,,drop,0,0
s2,0.238,27985,4869390,42:e2:f2:bb:6b:cf,96:d0:d1:87:20:b5,,,,,drop,0,0
s1,0.029,389059,67696266,42:e2:f2:bb:6b:cf,96:d0:d1:87:20:b5,,,,,drop,99798,17364852
s1,0.026,0,0,96:d0:d1:87:20:b5,42:e2:f2:bb:6b:cf,,,,,drop,0,0
s2,0.226,27985,4869390,42:e2:f2:bb:6b:cf,96:d0:d1:87:20:b5,,,,,drop,0,0
s2,0.222,0,0,96:d0:d1:87:20:b5,42:e2:f2:bb:6b:cf,,,,,drop,0,0
s1,0.034,0,0,96:d0:d1:87:20:b5,42:e2:f2:bb:6b:cf,,,,,drop,0,0
s1,0.030,483911,84200514,42:e2:f2:bb:6b:cf,96:d0:d1:87:20:b5,,,,,drop,94852,16504248
s2,0.228,0,0,96:d0:d1:87:20:b5,42:e2:f2:bb:6b:cf,,,,,drop,0,0
s2,0.223,27985,4869390,42:e2:f2:bb:6b:cf,96:d0:d1:87:20:b5,,,,,drop,0,0
s1,0.037,583989,101614086,42:e2:f2:bb:6b:cf,96:d0:d1:87:20:b5,,,,,drop,100078,17413572
s1,0.034,0,0,96:d0:d1:87:20:b5,42:e2:f2:bb:6b:cf,,,,,drop,0,0
s2,0.233,0,0,96:d0:d1:87:20:b5,42:e2:f2:bb:6b:cf,,,,,drop,0,0
s2,0.227,27985,4869390,42:e2:f2:bb:6b:cf,96:d0:d1:87:20:b5,,,,,drop,0,0
s1,0.035,0,0,96:d0:d1:87:20:b5,42:e2:f2:bb:6b:cf,,,,,drop,0,0
s1,0.032,81686,14213364,42:e2:f2:bb:6b:cf,96:d0:d1:87:20:b5,,,,,drop,0,0
s2,0.226,0,0,96:d0:d1:87:20:b5,42:e2:f2:bb:6b:cf,,,,,drop,0,0
s2,0.225,44418,7728732,42:e2:f2:bb:6b:cf,96:d0:d1:87:20:b5,,,,,drop,16433,2859342
s1,0.035,181968,31662432,42:e2:f2:bb:6b:cf,96:d0:d1:87:20:b5,,,,,drop,100282,17449068
s1,0.034,0,0,96:d0:d1:87:20:b5,42:e2:f2:bb:6b:cf,,,,,drop,0,0
s2,0.231,0,0,96:d0:d1:87:20:b5,42:e2:f2:bb:6b:cf,,,,,drop,0,0
s2,0.229,44418,7728732,42:e2:f2:bb:6b:cf,96:d0:d1:87:20:b5,,,,,drop,0,0
s1,0.030,281289,48944286,42:e2:f2:bb:6b:cf,96:d0:d1:87:20:b5,,,,,drop,99321,17281854
s1,0.029,0,0,96:d0:d1:87:20:b5,42:e2:f2:bb:6b:cf,,,,,drop,0,0
s2,0.233,0,0,96:d0:d1:87:20:b5,42:e2:f2:bb:6b:cf,,,,,drop,0,0
s2,0.229,44418,7728732,42:e2:f2:bb:6b:cf,96:d0:d1:87:20:b5,,,,,drop,0,0
s1,0.039,382394,66536556,42:e2:f2:bb:6b:cf,96:d0:d1:87:20:b5,,,,,drop,101105,17592270
s1,0.036,0,0,96:d0:d1:87:20:b5,42:e2:f2:bb:6b:cf,,,,,drop,0,0
s2,0.233,44418,7728732,42:e2:f2:bb:6b:cf,96:d0:d1:87:20:b5,,,,,drop,0,0
s2,0.231,0,0,96:d0:d1:87:20:b5,42:e2:f2:bb:6b:cf,,,,,drop,0,0
s1,0.035,0,0,96:d0:d1:87:20:b5,42:e2:f2:bb:6b:cf,,,,,drop,0,0
s1,0.034,484336,84274464,42:e2:f2:bb:6b:cf,96:d0:d1:87:20:b5,,,,,drop,101942,17737908
s2,0.238,0,0,96:d0:d1:87:20:b5,42:e2:f2:bb:6b:cf,,,,,drop,0,0
s2,0.229,44418,7728732,42:e2:f2:bb:6b:cf,96:d0:d1:87:20:b5,,,,,drop,0,0
s1,0.034,585822,101933028,42:e2:f2:bb:6b:cf,96:d0:d1:87:20:b5,,,,,drop,101486,17658564
s1,0.030,0,0,96:d0:d1:87:20:b5,42:e2:f2:bb:6b:cf,,,,,drop,0,0
s2,0.190,0,0,42:e2:f2:bb:6b:cf,96:d0:d1:87:20:b5,,,,,output:3,0,0
s1,0.036,71385,12420990,42:e2:f2:bb:6b:cf,96:d0:d1:87:20:b5,,,,,drop,0,0
s1,0.034,0,0,96:d0:d1:87:20:b5,42:e2:f2:bb:6b:cf,,,,,drop,0,0
s2,0.235,0,0,96:d0:d1:87:20:b5,42:e2:f2:bb:6b:cf,,,,,drop,0,0
s2,0.231,64158,11163492,42:e2:f2:bb:6b:cf,96:d0:d1:87:20:b5,,,,,drop,19740,3434760
s1,0.030,0,0,96:d0:d1:87:20:b5,42:e2:f2:bb:6b:cf,,,,,drop,0,0
s1,0.028,174716,30400584,42:e2:f2:bb:6b:cf,96:d0:d1:87:20:b5,,,,,drop,103331,17979594
s2,0.226,64158,11163492,42:e2:f2:bb:6b:cf,96:d0:d1:87:20:b5,,,,,drop,0,0
s2,0.225,0,0,96:d0:d1:87:20:b5,42:e2:f2:bb:6b:cf,,,,,drop,0,0
s1,0.034,0,0,96:d0:d1:87:20:b5,42:e2:f2:bb:6b:cf,,,,,drop,0,0
s1,0.033,273825,47645550,42:e2:f2:bb:6b:cf,96:d0:d1:87:20:b5,,,,,drop,99109,17244966
s2,0.251,64158,11163492,42:e2:f2:bb:6b:cf,96:d0:d1:87:20:b5,,,,,drop,0,0
s2,0.250,0,0,96:d0:d1:87:20:b5,42:e2:f2:bb:6b:cf,,,,,drop,0,0
s1,0.042,374785,65212590,42:e2:f2:bb:6b:cf,96:d0:d1:87:20:b5,,,,,drop,100960,17567040
s1,0.041,0,0,96:d0:d1:87:20:b5,42:e2:f2:bb:6b:cf,,,,,drop,0,0
s2,0.263,64158,11163492,42:e2:f2:bb:6b:cf,96:d0:d1:87:20:b5,,,,,drop,0,0
s2,0.258,0,0,96:d0:d1:87:20:b5,42:e2:f2:bb:6b:cf,,,,,drop,0,0
s1,0.034,0,0,96:d0:d1:87:20:b5,42:e2:f2:bb:6b:cf,,,,,drop,0,0
s1,0.033,477891,83153034,42:e2:f2:bb:6b:cf,96:d0:d1:87:20:b5,,,,,drop,103106,17940444
s2,0.232,64158,11163492,42:e2:f2:bb:6b:cf,96:d0:d1:87:20:b5,,,,,drop,0,0
s2,0.230,0,0,96:d0:d1:87:20:b5,42:e2:f2:bb:6b:cf,,,,,drop,0,0
s1,0.028,85361,14852814,42:e2:f2:bb:6b:cf,96:d0:d1:87:20:b5,,,,,drop,0,0
s1,0.026,0,0,96:d0:d1:87:20:b5,42:e2:f2:bb:6b:cf,,,,,drop,0,0
s2,0.257,0,0,96:d0:d1:87:20:b5,42:e2:f2:bb:6b:cf,,,,,drop,0,0
s2,0.256,38284,6661416,42:e2:f2:bb:6b:cf,96:d0:d1:87:20:b5,,,,,drop,0,0
s1,0.033,0,0,96:d0:d1:87:20:b5,42:e2:f2:bb:6b:cf,,,,,drop,0,0
s1,0.028,189914,33045036,42:e2:f2:bb:6b:cf,96:d0:d1:87:20:b5,,,,,drop,104553,18192222
s2,0.249,0,0,96:d0:d1:87:20:b5,42:e2:f2:bb:6b:cf,,,,,drop,0,0
s2,0.249,38284,6661416,42:e2:f2:bb:6b:cf,96:d0:d1:87:20:b5,,,,,drop,0,0
s1,0.032,286894,49919556,42:e2:f2:bb:6b:cf,96:d0:d1:87:20:b5,,,,,drop,96980,16874520
s1,0.031,0,0,96:d0:d1:87:20:b5,42:e2:f2:bb:6b:cf,,,,,drop,0,0
s2,0.248,0,0,96:d0:d1:87:20:b5,42:e2:f2:bb:6b:cf,,,,,drop,0,0
s2,0.243,38284,6661416,42:e2:f2:bb:6b:cf,96:d0:d1:87:20:b5,,,,,drop,0,0
s1,0.032,388597,67615878,42:e2:f2:bb:6b:cf,96:d0:d1:87:20:b5,,,,,drop,101703,17696322
s1,0.028,0,0,96:d0:d1:87:20:b5,42:e2:f2:bb:6b:cf,,,,,drop,0,0
s2,0.239,0,0,96:d0:d1:87:20:b5,42:e2:f2:bb:6b:cf,,,,,drop,0,0
s2,0.234,38284,6661416,42:e2:f2:bb:6b:cf,96:d0:d1:87:20:b5,,,,,drop,0,0
s1,0.030,489520,85176480,42:e2:f2:bb:6b:cf,96:d0:d1:87:20:b5,,,,,drop,100923,17560602
s1,0.026,0,0,96:d0:d1:87:20:b5,42:e2:f2:bb:6b:cf,,,,,drop,0,0
s2,0.250,38284,6661416,42:e2:f2:bb:6b:cf,96:d0:d1:87:20:b5,,,,,drop,0,0
s2,0.243,0,0,96:d0:d1:87:20:b5,42:e2:f2:bb:6b:cf,,,,,drop,0,0
s1,0.025,35565,6188310,42:e2:f2:bb:6b:cf,96:d0:d1:87:20:b5,,,,,drop,0,0
s1,0.021,0,0,96:d0:d1:87:20:b5,42:e2:f2:bb:6b:cf,,,,,drop,0,0
s2,0.242,0,0,96:d0:d1:87:20:b5,42:e2:f2:bb:6b:cf,,,,,drop,0,0
s2,0.241,27024,4702176,42:e2:f2:bb:6b:cf,96:d0:d1:87:20:b5,,,,,drop,0,0
s1,0.031,137950,24003300,42:e2:f2:bb:6b:cf,96:d0:d1:87:20:b5,,,,,drop,102385,17814990
s1,0.030,0,0,96:d0:d1:87:20:b5,42:e2:f2:bb:6b:cf,,,,,drop,0,0
s2,0.241,0,0,96:d0:d1:87:20:b5,42:e2:f2:bb:6b:cf,,,,,drop,0,0
s2,0.239,27024,4702176,42:e2:f2:bb:6b:cf,96:d0:d1:87:20:b5,,,,,drop,0,0
s1,0.030,0,0,96:d0:d1:87:20:b5,42:e2:f2:bb:6b:cf,,,,,drop,0,0
s1,0.029,241490,42019260,42:e2:f2:bb:6b:cf,96:d0:d1:87:20:b5,,,,,drop,103540,18015960
s2,0.240,27024,4702176,42:e2:f2:bb:6b:cf,96:d0:d1:87:20:b5,,,,,drop,0,0
s2,0.235,0,0,96:d0:d1:87:20:b5,42:e2:f2:bb:6b:cf,,,,,drop,0,0
s1,0.032,339508,59074392,42:e2:f2:bb:6b:cf,96:d0:d1:87:20:b5,,,,,drop,98018,17055132
s1,0.029,0,0,96:d0:d1:87:20:b5,42:e2:f2:bb:6b:cf,,,,,drop,0,0
s2,0.232,0,0,96:d0:d1:87:20:b5,42:e2:f2:bb:6b:cf,,,,,drop,0,0
s2,0.227,27024,4702176,42:e2:f2:bb:6b:cf,96:d0:d1:87:20:b5,,,,,drop,0,0
s1,0.030,441244,76776456,42:e2:f2:bb:6b:cf,96:d0:d1:87:20:b5,,,,,drop,101736,17702064
s1,0.027,0,0,96:d0:d1:87:20:b5,42:e2:f2:bb:6b:cf,,,,,drop,0,0
s2,0.238,0,0,96:d0:d1:87:20:b5,42:e2:f2:bb:6b:cf,,,,,drop,0,0
s2,0.234,27024,4702176,42:e2:f2:bb:6b:cf,96:d0:d1:87:20:b5,,,,,drop,0,0
s1,0.027,0,0,96:d0:d1:87:20:b5,42:e2:f2:bb:6b:cf,,,,,drop,0,0
s1,0.025,45454,7908996,42:e2:f2:bb:6b:cf,96:d0:d1:87:20:b5,,,,,drop,0,0
s2,0.230,0,0,96:d0:d1:87:20:b5,42:e2:f2:bb:6b:cf,,,,,drop,0,0
s2,0.229,539,93786,42:e2:f2:bb:6b:cf,96:d0:d1:87:20:b5,,,,,drop,0,0
s1,0.034,0,0,96:d0:d1:87:20:b5,42:e2:f2:bb:6b:cf,,,,,drop,0,0
s1,0.030,147035,25584090,42:e2:f2:bb:6b:cf,96:d0:d1:87:20:b5,,,,,drop,101581,17675094
s2,0.242,539,93786,42:e2:f2:bb:6b:cf,96:d0:d1:87:20:b5,,,,,drop,0,0
s2,0.240,0,0,96:d0:d1:87:20:b5,42:e2:f2:bb:6b:cf,,,,,drop,0,0
s1,0.031,251147,43699578,42:e2:f2:bb:6b:cf,96:d0:d1:87:20:b5,,,,,drop,104112,18115488
s1,0.028,0,0,96:d0:d1:87:20:b5,42:e2:f2:bb:6b:cf,,,,,drop,0,0
s2,0.242,539,93786,42:e2:f2:bb:6b:cf,96:d0:d1:87:20:b5,,,,,drop,0,0
s2,0.236,0,0,96:d0:d1:87:20:b5,42:e2:f2:bb:6b:cf,,,,,drop,0,0
s1,0.034,0,0,96:d0:d1:87:20:b5,42:e2:f2:bb:6b:cf,,,,,drop,0,0
s1,0.034,354688,61715712,42:e2:f2:bb:6b:cf,96:d0:d1:87:20:b5,,,,,drop,103541,18016134
s2,0.268,0,0,96:d0:d1:87:20:b5,42:e2:f2:bb:6b:cf,,,,,drop,0,0
s2,0.267,539,93786,42:e2:f2:bb:6b:cf,96:d0:d1:87:20:b5,,,,,drop,0,0
s1,0.044,0,0,96:d0:d1:87:20:b5,42:e2:f2:bb:6b:cf,,,,,drop,0,0
s1,0.044,460296,80091504,42:e2:f2:bb:6b:cf,96:d0:d1:87:20:b5,,,,,drop,105608,18375792
s2,0.329,539,93786,42:e2:f2:bb:6b:cf,96:d0:d1:87:20:b5,,,,,drop,0,0
s2,0.327,0,0,96:d0:d1:87:20:b5,42:e2:f2:bb:6b:cf,,,,,drop,0,0
s1,0.038,0,0,96:d0:d1:87:20:b5,42:e2:f2:bb:6b:cf,,,,,drop,0,0
s1,0.038,568546,98927004,42:e2:f2:bb:6b:cf,96:d0:d1:87:20:b5,,,,,drop,108250,18835500
s2,0.208,0,0,42:e2:f2:bb:6b:cf,96:d0:d1:87:20:b5,,,,,output:3,0,0
s1,0.034,0,0,96:d0:d1:87:20:b5,42:e2:f2:bb:6b:cf,,,,,drop,0,0
s1,0.032,65022,11313828,42:e2:f2:bb:6b:cf,96:d0:d1:87:20:b5,,,,,drop,0,0
s2,0.244,64103,11153922,42:e2:f2:bb:6b:cf,96:d0:d1:87:20:b5,,,,,drop,63564,11060136
s2,0.240,0,0,96:d0:d1:87:20:b5,42:e2:f2:bb:6b:cf,,,,,drop,0,0
s1,0.027,169232,29446368,42:e2:f2:bb:6b:cf,96:d0:d1:87:20:b5,,,,,drop,104210,18132540
s1,0.026,0,0,96:d0:d1:87:20:b5,42:e2:f2:bb:6b:cf,,,,,drop,0,0
s2,0.253,64103,11153922,42:e2:f2:bb:6b:cf,96:d0:d1:87:20:b5,,,,,drop,0,0
s2,0.253,0,0,96:d0:d1:87:20:b5,42:e2:f2:bb:6b:cf,,,,,drop,0,0
s1,0.032,270002,46980348,42:e2:f2:bb:6b:cf,96:d0:d1:87:20:b5,,,,,drop,100770,17533980
s1,0.032,0,0,96:d0:d1:87:20:b5,42:e2:f2:bb:6b:cf,,,,,drop,0,0
s2,0.235,0,0,96:d0:d1:87:20:b5,42:e2:f2:bb:6b:cf,,,,,drop,0,0
s2,0.233,64103,11153922,42:e2:f2:bb:6b:cf,96:d0:d1:87:20:b5,,,,,drop,0,0
s1,0.045,0,0,96:d0:d1:87:20:b5,42:e2:f2:bb:6b:cf,,,,,drop,0,0
s1,0.040,371043,64561482,42:e2:f2:bb:6b:cf,96:d0:d1:87:20:b5,,,,,drop,101041,17581134
s2,0.273,0,0,96:d0:d1:87:20:b5,42:e2:f2:bb:6b:cf,,,,,drop,0,0
s2,0.269,64103,11153922,42:e2:f2:bb:6b:cf,96:d0:d1:87:20:b5,,,,,drop,0,0
s1,0.035,0,0,96:d0:d1:87:20:b5,42:e2:f2:bb:6b:cf,,,,,drop,0,0
s1,0.031,472771,82262154,42:e2:f2:bb:6b:cf,96:d0:d1:87:20:b5,,,,,drop,101728,17700672
s2,0.237,0,0,96:d0:d1:87:20:b5,42:e2:f2:bb:6b:cf,,,,,drop,0,0
s2,0.228,64103,11153922,42:e2:f2:bb:6b:cf,96:d0:d1:87:20:b5,,,,,drop,0,0
s1,0.034,0,0,96:d0:d1:87:20:b5,42:e2:f2:bb:6b:cf,,,,,drop,0,0
s1,0.033,81462,14174388,42:e2:f2:bb:6b:cf,96:d0:d1:87:20:b5,,,,,drop,0,0
s2,0.225,0,0,96:d0:d1:87:20:b5,42:e2:f2:bb:6b:cf,,,,,drop,0,0
s2,0.224,48791,8489634,42:e2:f2:bb:6b:cf,96:d0:d1:87:20:b5,,,,,drop,0,0
s1,0.034,182108,31686792,42:e2:f2:bb:6b:cf,96:d0:d1:87:20:b5,,,,,drop,100646,17512404
s1,0.033,0,0,96:d0:d1:87:20:b5,42:e2:f2:bb:6b:cf,,,,,drop,0,0
s2,0.230,48803,8491722,42:e2:f2:bb:6b:cf,96:d0:d1:87:20:b5,,,,,drop,12,2088
s2,0.229,0,0,96:d0:d1:87:20:b5,42:e2:f2:bb:6b:cf,,,,,drop,0,0
s1,0.033,0,0,96:d0:d1:87:20:b5,42:e2:f2:bb:6b:cf,,,,,drop,0,0
s1,0.031,284663,49531362,42:e2:f2:bb:6b:cf,96:d0:d1:87:20:b5,,,,,drop,102555,17844570
s2,0.228,0,0,96:d0:d1:87:20:b5,42:e2:f2:bb:6b:cf,,,,,drop,0,0
s2,0.227,48803,8491722,42:e2:f2:bb:6b:cf,96:d0:d1:87:20:b5,,,,,drop,0,0
s1,0.036,381626,66402924,42:e2:f2:bb:6b:cf,96:d0:d1:87:20:b5,,,,,drop,96963,16871562
s1,0.033,0,0,96:d0:d1:87:20:b5,42:e2:f2:bb:6b:cf,,,,,drop,0,0
s2,0.236,48803,8491722,42:e2:f2:bb:6b:cf,96:d0:d1:87:20:b5,,,,,drop,0,0
s2,0.233,0,0,96:d0:d1:87:20:b5,42:e2:f2:bb:6b:cf,,,,,drop,0,0
s1,0.033,484576,84316224,42:e2:f2:bb:6b:cf,96:d0:d1:87:20:b5,,,,,drop,102950,17913300
s1,0.029,0,0,96:d0:d1:87:20:b5,42:e2:f2:bb:6b:cf,,,,,drop,0,0
s2,0.230,48803,8491722,42:e2:f2:bb:6b:cf,96:d0:d1:87:20:b5,,,,,drop,0,0
s2,0.225,0,0,96:d0:d1:87:20:b5,42:e2:f2:bb:6b:cf,,,,,drop,0,0
s1,0.011,2230,388020,42:e2:f2:bb:6b:cf,96:d0:d1:87:20:b5,,,,,output:4,0,0
s2,0.195,383,66642,42:e2:f2:bb:6b:cf,96:d0:d1:87:20:b5,,,,,output:3,383,66642
s1,0.034,0,0,96:d0:d1:87:20:b5,42:e2:f2:bb:6b:cf,,,,,drop,0,0
s1,0.030,68747,11961978,42:e2:f2:bb:6b:cf,96:d0:d1:87:20:b5,,,,,drop,0,0
s2,0.224,0,0,96:d0:d1:87:20:b5,42:e2:f2:bb:6b:cf,,,,,drop,0,0
s2,0.221,66416,11556384,42:e2:f2:bb:6b:cf,96:d0:d1:87:20:b5,,,,,drop,17613,3064662
s1,0.035,169611,29512314,42:e2:f2:bb:6b:cf,96:d0:d1:87:20:b5,,,,,drop,100864,17550336
s1,0.034,0,0,96:d0:d1:87:20:b5,42:e2:f2:bb:6b:cf,,,,,drop,0,0
s2,0.239,66416,11556384,42:e2:f2:bb:6b:cf,96:d0:d1:87:20:b5,,,,,drop,0,0
s2,0.235,0,0,96:d0:d1:87:20:b5,42:e2:f2:bb:6b:cf,,,,,drop,0,0
s1,0.030,271071,47166354,42:e2:f2:bb:6b:cf,96:d0:d1:87:20:b5,,,,,drop,101460,17654040
s1,0.028,0,0,96:d0:d1:87:20:b5,42:e2:f2:bb:6b:cf,,,,,drop,0,0
s2,0.230,0,0,96:d0:d1:87:20:b5,42:e2:f2:bb:6b:cf,,,,,drop,0,0
s2,0.227,66416,11556384,42:e2:f2:bb:6b:cf,96:d0:d1:87:20:b5,,,,,drop,0,0
s1,0.032,0,0,96:d0:d1:87:20:b5,42:e2:f2:bb:6b:cf,,,,,drop,0,0
s1,0.032,374309,65129766,42:e2:f2:bb:6b:cf,96:d0:d1:87:20:b5,,,,,drop,103238,17963412
s2,0.225,66416,11556384,42:e2:f2:bb:6b:cf,96:d0:d1:87:20:b5,,,,,drop,0,0
s2,0.224,0,0,96:d0:d1:87:20:b5,42:e2:f2:bb:6b:cf,,,,,drop,0,0
s1,0.035,475963,82817562,42:e2:f2:bb:6b:cf,96:d0:d1:87:20:b5,,,,,drop,101654,17687796
s1,0.031,0,0,96:d0:d1:87:20:b5,42:e2:f2:bb:6b:cf,,,,,drop,0,0
s2,0.235,66416,11556384,42:e2:f2:bb:6b:cf,96:d0:d1:87:20:b5,,,,,drop,0,0
s2,0.233,0,0,96:d0:d1:87:20:b5,42:e2:f2:bb:6b:cf,,,,,drop,0,0
s1,0.035,16205,2819670,42:e2:f2:bb:6b:cf,96:d0:d1:87:20:b5,,,,,drop,0,0
s1,0.033,0,0,96:d0:d1:87:20:b5,42:e2:f2:bb:6b:cf,,,,,drop,0,0
s2,0.230,14713,2560062,42:e2:f2:bb:6b:cf,96:d0:d1:87:20:b5,,,,,drop,0,0
s2,0.228,0,0,96:d0:d1:87:20:b5,42:e2:f2:bb:6b:cf,,,,,drop,0,0
s1,0.028,0,0,96:d0:d1:87:20:b5,42:e2:f2:bb:6b:cf,,,,,drop,0,0
s1,0.027,119108,20724792,42:e2:f2:bb:6b:cf,96:d0:d1:87:20:b5,,,,,drop,102903,17905122
s2,0.230,0,0,96:d0:d1:87:20:b5,42:e2:f2:bb:6b:cf,,,,,drop,0,0
s2,0.226,14713,2560062,42:e2:f2:bb:6b:cf,96:d0:d1:87:20:b5,,,,,drop,0,0
s1,0.031,221755,38585370,42:e2:f2:bb:6b:cf,96:d0:d1:87:20:b5,,,,,drop,102647,17860578
s1,0.024,0,0,96:d0:d1:87:20:b5,42:e2:f2:bb:6b:cf,,,,,drop,0,0
s2,0.228,14713,2560062,42:e2:f2:bb:6b:cf,96:d0:d1:87:20:b5,,,,,drop,0,0
s2,0.224,0,0,96:d0:d1:87:20:b5,42:e2:f2:bb:6b:cf,,,,,drop,0,0
s1,0.033,318998,55505652,42:e2:f2:bb:6b:cf,96:d0:d1:87:20:b5,,,,,drop,97243,16920282
s1,0.026,0,0,96:d0:d1:87:20:b5,42:e2:f2:bb:6b:cf,,,,,drop,0,0
s2,0.226,0,0,96:d0:d1:87:20:b5,42:e2:f2:bb:6b:cf,,,,,drop,0,0
s2,0.224,14713,2560062,42:e2:f2:bb:6b:cf,96:d0:d1:87:20:b5,,,,,drop,0,0
s1,0.030,420373,73144902,42:e2:f2:bb:6b:cf,96:d0:d1:87:20:b5,,,,,drop,101375,17639250
s1,0.028,0,0,96:d0:d1:87:20:b5,42:e2:f2:bb:6b:cf,,,,,drop,0,0
s2,0.227,0,0,96:d0:d1:87:20:b5,42:e2:f2:bb:6b:cf,,,,,drop,0,0
s2,0.220,14713,2560062,42:e2:f2:bb:6b:cf,96:d0:d1:87:20:b5,,,,,drop,0,0
s1,0.032,521675,90771450,42:e2:f2:bb:6b:cf,96:d0:d1:87:20:b5,,,,,drop,101302,17626548
s1,0.027,0,0,96:d0:d1:87:20:b5,42:e2:f2:bb:6b:cf,,,,,drop,0,0
s2,0.228,0,0,96:d0:d1:87:20:b5,42:e2:f2:bb:6b:cf,,,,,drop,0,0
s2,0.225,14713,2560062,42:e2:f2:bb:6b:cf,96:d0:d1:87:20:b5,,,,,drop,0,0
s1,0.031,0,0,96:d0:d1:87:20:b5,42:e2:f2:bb:6b:cf,,,,,drop,0,0
s1,0.027,89152,15512448,42:e2:f2:bb:6b:cf,96:d0:d1:87:20:b5,,,,,drop,0,0
s2,0.223,0,0,96:d0:d1:87:20:b5,42:e2:f2:bb:6b:cf,,,,,drop,0,0
s2,0.222,37817,6580158,42:e2:f2:bb:6b:cf,96:d0:d1:87:20:b5,,,,,drop,23104,4020096
s1,0.031,191889,33388686,42:e2:f2:bb:6b:cf,96:d0:d1:87:20:b5,,,,,drop,102737,17876238
s1,0.030,0,0,96:d0:d1:87:20:b5,42:e2:f2:bb:6b:cf,,,,,drop,0,0
s2,0.227,0,0,96:d0:d1:87:20:b5,42:e2:f2:bb:6b:cf,,,,,drop,0,0
s2,0.221,37830,6582420,42:e2:f2:bb:6b:cf,96:d0:d1:87:20:b5,,,,,drop,13,2262
s1,0.013,0,0,96:d0:d1:87:20:b5,42:e2:f2:bb:6b:cf,,,,,drop,0,0
s1,0.011,296998,51677652,42:e2:f2:bb:6b:cf,96:d0:d1:87:20:b5,,,,,drop,105109,18288966
s2,0.216,37830,6582420,42:e2:f2:bb:6b:cf,96:d0:d1:87:20:b5,,,,,drop,0,0
s2,0.211,0,0,96:d0:d1:87:20:b5,42:e2:f2:bb:6b:cf,,,,,drop,0,0
s1,0.015,397462,69158388,42:e2:f2:bb:6b:cf,96:d0:d1:87:20:b5,,,,,drop,100464,17480736
s1,0.012,0,0,96:d0:d1:87:20:b5,42:e2:f2:bb:6b:cf,,,,,drop,0,0
s2,0.207,0,0,96:d0:d1:87:20:b5,42:e2:f2:bb:6b:cf,,,,,drop,0,0
s2,0.203,37830,6582420,42:e2:f2:bb:6b:cf,96:d0:d1:87:20:b5,,,,,drop,0,0
s1,0.042,499665,86941710,42:e2:f2:bb:6b:cf,96:d0:d1:87:20:b5,,,,,drop,102203,17783322
s1,0.036,0,0,96:d0:d1:87:20:b5,42:e2:f2:bb:6b:cf,,,,,drop,0,0
s2,0.239,0,0,96:d0:d1:87:20:b5,42:e2:f2:bb:6b:cf,,,,,drop,0,0
s2,0.232,37830,6582420,42:e2:f2:bb:6b:cf,96:d0:d1:87:20:b5,,,,,drop,0,0
s1,0.043,0,0,96:d0:d1:87:20:b5,42:e2:f2:bb:6b:cf,,,,,drop,0,0
s1,0.039,604605,105201270,42:e2:f2:bb:6b:cf,96:d0:d1:87:20:b5,,,,,drop,104940,18259560
s2,0.108,343,59682,42:e2:f2:bb:6b:cf,96:d0:d1:87:20:b5,,,,,output:3,0,0
s1,0.019,0,0,96:d0:d1:87:20:b5,42:e2:f2:bb:6b:cf,,,,,drop,0,0
s1,0.018,80819,14062506,42:e2:f2:bb:6b:cf,96:d0:d1:87:20:b5,,,,,drop,0,0
s2,0.209,0,0,96:d0:d1:87:20:b5,42:e2:f2:bb:6b:cf,,,,,drop,0,0
s2,0.206,62941,10951734,42:e2:f2:bb:6b:cf,96:d0:d1:87:20:b5,,,,,drop,25111,4369314
s1,0.018,184312,32070288,42:e2:f2:bb:6b:cf,96:d0:d1:87:20:b5,,,,,drop,103493,18007782
s1,0.018,0,0,96:d0:d1:87:20:b5,42:e2:f2:bb:6b:cf,,,,,drop,0,0
s2,0.205,0,0,96:d0:d1:87:20:b5,42:e2:f2:bb:6b:cf,,,,,drop,0,0
s2,0.205,62941,10951734,42:e2:f2:bb:6b:cf,96:d0:d1:87:20:b5,,,,,drop,0,0
s1,0.040,0,0,96:d0:d1:87:20:b5,42:e2:f2:bb:6b:cf,,,,,drop,0,0
s1,0.038,288250,50155500,42:e2:f2:bb:6b:cf,96:d0:d1:87:20:b5,,,,,drop,103938,18085212
s2,0.230,62941,10951734,42:e2:f2:bb:6b:cf,96:d0:d1:87:20:b5,,,,,drop,0,0
s2,0.229,0,0,96:d0:d1:87:20:b5,42:e2:f2:bb:6b:cf,,,,,drop,0,0
s1,0.037,391575,68134050,42:e2:f2:bb:6b:cf,96:d0:d1:87:20:b5,,,,,drop,103325,17978550
s1,0.033,0,0,96:d0:d1:87:20:b5,42:e2:f2:bb:6b:cf,,,,,drop,0,0
s2,0.232,62941,10951734,42:e2:f2:bb:6b:cf,96:d0:d1:87:20:b5,,,,,drop,0,0
s2,0.229,0,0,96:d0:d1:87:20:b5,42:e2:f2:bb:6b:cf,,,,,drop,0,0
s1,0.028,493882,85935468,42:e2:f2:bb:6b:cf,96:d0:d1:87:20:b5,,,,,drop,102307,17801418
s1,0.021,0,0,96:d0:d1:87:20:b5,42:e2:f2:bb:6b:cf,,,,,drop,0,0
s2,0.216,0,0,96:d0:d1:87:20:b5,42:e2:f2:bb:6b:cf,,,,,drop,0,0
s2,0.211,62941,10951734,42:e2:f2:bb:6b:cf,96:d0:d1:87:20:b5,,,,,drop,0,0
s1,0.029,14510,2524740,42:e2:f2:bb:6b:cf,96:d0:d1:87:20:b5,,,,,drop,0,0
s1,0.028,0,0,96:d0:d1:87:20:b5,42:e2:f2:bb:6b:cf,,,,,drop,0,0
s2,0.228,0,0,96:d0:d1:87:20:b5,42:e2:f2:bb:6b:cf,,,,,drop,0,0
s2,0.225,14253,2480022,42:e2:f2:bb:6b:cf,96:d0:d1:87:20:b5,,,,,drop,0,0
s1,0.035,116503,20271522,42:e2:f2:bb:6b:cf,96:d0:d1:87:20:b5,,,,,drop,101993,17746782
s1,0.028,0,0,96:d0:d1:87:20:b5,42:e2:f2:bb:6b:cf,,,,,drop,0,0
s2,0.234,14263,2481762,42:e2:f2:bb:6b:cf,96:d0:d1:87:20:b5,,,,,drop,10,1740
s2,0.231,0,0,96:d0:d1:87:20:b5,42:e2:f2:bb:6b:cf,,,,,drop,0,0
s1,0.026,220546,38375004,42:e2:f2:bb:6b:cf,96:d0:d1:87:20:b5,,,,,drop,104043,18103482
s1,0.023,0,0,96:d0:d1:87:20:b5,42:e2:f2:bb:6b:cf,,,,,drop,0,0
s2,0.230,0,0,96:d0:d1:87:20:b5,42:e2:f2:bb:6b:cf,,,,,drop,0,0
s2,0.228,14263,2481762,42:e2:f2:bb:6b:cf,96:d0:d1:87:20:b5,,,,,drop,0,0
s1,0.036,0,0,96:d0:d1:87:20:b5,42:e2:f2:bb:6b:cf,,,,,drop,0,0
s1,0.031,320842,55826508,42:e2:f2:bb:6b:cf,96:d0:d1:87:20:b5,,,,,drop,100296,17451504
s2,0.224,14263,2481762,42:e2:f2:bb:6b:cf,96:d0:d1:87:20:b5,,,,,drop,0,0
s2,0.222,0,0,96:d0:d1:87:20:b5,42:e2:f2:bb:6b:cf,,,,,drop,0,0
s1,0.037,422151,73454274,42:e2:f2:bb:6b:cf,96:d0:d1:87:20:b5,,,,,drop,101309,17627766
s1,0.033,0,0,96:d0:d1:87:20:b5,42:e2:f2:bb:6b:cf,,,,,drop,0,0
s2,0.282,14263,2481762,42:e2:f2:bb:6b:cf,96:d0:d1:87:20:b5,,,,,drop,0,0
s2,0.281,0,0,96:d0:d1:87:20:b5,42:e2:f2:bb:6b:cf,,,,,drop,0,0
s1,0.034,526224,91562976,42:e2:f2:bb:6b:cf,96:d0:d1:87:20:b5,,,,,drop,104073,18108702
s1,0.032,0,0,96:d0:d1:87:20:b5,42:e2:f2:bb:6b:cf,,,,,drop,0,0
s2,0.235,14263,2481762,42:e2:f2:bb:6b:cf,96:d0:d1:87:20:b5,,,,,drop,0,0
s2,0.228,0,0,96:d0:d1:87:20:b5,42:e2:f2:bb:6b:cf,,,,,drop,0,0
s1,0.030,0,0,96:d0:d1:87:20:b5,42:e2:f2:bb:6b:cf,,,,,drop,0,0
s1,0.030,87081,15152094,42:e2:f2:bb:6b:cf,96:d0:d1:87:20:b5,,,,,drop,0,0
s2,0.229,34208,5952192,42:e2:f2:bb:6b:cf,96:d0:d1:87:20:b5,,,,,drop,19945,3470430
s2,0.225,0,0,96:d0:d1:87:20:b5,42:e2:f2:bb:6b:cf,,,,,drop,0,0
s1,0.033,190079,33073746,42:e2:f2:bb:6b:cf,96:d0:d1:87:20:b5,,,,,drop,102998,17921652
s1,0.031,0,0,96:d0:d1:87:20:b5,42:e2:f2:bb:6b:cf,,,,,drop,0,0
s2,0.240,34208,5952192,42:e2:f2:bb:6b:cf,96:d0:d1:87:20:b5,,,,,drop,0,0
s2,0.237,0,0,96:d0:d1:87:20:b5,42:e2:f2:bb:6b:cf,,,,,drop,0,0
s1,0.033,0,0,96:d0:d1:87:20:b5,42:e2:f2:bb:6b:cf,,,,,drop,0,0
s1,0.031,293403,51052122,42:e2:f2:bb:6b:cf,96:d0:d1:87:20:b5,,,,,drop,103324,17978376
s2,0.227,0,0,96:d0:d1:87:20:b5,42:e2:f2:bb:6b:cf,,,,,drop,0,0
s2,0.226,34208,5952192,42:e2:f2:bb:6b:cf,96:d0:d1:87:20:b5,,,,,drop,0,0
s1,0.033,394907,68713818,42:e2:f2:bb:6b:cf,96:d0:d1:87:20:b5,,,,,drop,101504,17661696
s1,0.029,0,0,96:d0:d1:87:20:b5,42:e2:f2:bb:6b:cf,,,,,drop,0,0
s2,0.229,34208,5952192,42:e2:f2:bb:6b:cf,96:d0:d1:87:20:b5,,,,,drop,0,0
s2,0.221,0,0,96:d0:d1:87:20:b5,42:e2:f2:bb:6b:cf,,,,,drop,0,0
s1,0.034,0,0,96:d0:d1:87:20:b5,42:e2:f2:bb:6b:cf,,,,,drop,0,0
s1,0.033,496463,86384562,42:e2:f2:bb:6b:cf,96:d0:d1:87:20:b5,,,,,drop,101556,17670744
s2,0.230,34208,5952192,42:e2:f2:bb:6b:cf,96:d0:d1:87:20:b5,,,,,drop,0,0
s2,0.224,0,0,96:d0:d1:87:20:b5,42:e2:f2:bb:6b:cf,,,,,drop,0,0
s1,0.036,0,0,96:d0:d1:87:20:b5,42:e2:f2:bb:6b:cf,,,,,drop,0,0
s1,0.030,596918,103863732,42:e2:f2:bb:6b:cf,96:d0:d1:87:20:b5,,,,,drop,100455,17479170
s2,0.063,396,68904,42:e2:f2:bb:6b:cf,96:d0:d1:87:20:b5,,,,,output:3,53,9222
s1,0.031,76003,13224522,42:e2:f2:bb:6b:cf,96:d0:d1:87:20:b5,,,,,drop,0,0
s1,0.030,0,0,96:d0:d1:87:20:b5,42:e2:f2:bb:6b:cf,,,,,drop,0,0
s2,0.227,0,0,96:d0:d1:87:20:b5,42:e2:f2:bb:6b:cf,,,,,drop,0,0
s2,0.226,55243,9612282,42:e2:f2:bb:6b:cf,96:d0:d1:87:20:b5,,,,,drop,21035,3660090
s1,0.031,179061,31156614,42:e2:f2:bb:6b:cf,96:d0:d1:87:20:b5,,,,,drop,103058,17932092
s1,0.030,0,0,96:d0:d1:87:20:b5,42:e2:f2:bb:6b:cf,,,,,drop,0,0
s2,0.232,55243,9612282,42:e2:f2:bb:6b:cf,96:d0:d1:87:20:b5,,,,,drop,0,0
s2,0.229,0,0,96:d0:d1:87:20:b5,42:e2:f2:bb:6b:cf,,,,,drop,0,0
s1,0.034,0,0,96:d0:d1:87:20:b5,42:e2:f2:bb:6b:cf,,,,,drop,0,0
s1,0.030,281795,49032330,42:e2:f2:bb:6b:cf,96:d0:d1:87:20:b5,,,,,drop,102734,17875716
s2,0.239,0,0,96:d0:d1:87:20:b5,42:e2:f2:bb:6b:cf,,,,,drop,0,0
s2,0.230,55243,9612282,42:e2:f2:bb:6b:cf,96:d0:d1:87:20:b5,,,,,drop,0,0
s1,0.034,385034,66995916,42:e2:f2:bb:6b:cf,96:d0:d1:87:20:b5,,,,,drop,103239,17963586
s1,0.031,0,0,96:d0:d1:87:20:b5,42:e2:f2:bb:6b:cf,,,,,drop,0,0
s2,0.232,0,0,96:d0:d1:87:20:b5,42:e2:f2:bb:6b:cf,,,,,drop,0,0
s2,0.224,55243,9612282,42:e2:f2:bb:6b:cf,96:d0:d1:87:20:b5,,,,,drop,0,0
s1,0.034,486990,84736260,42:e2:f2:bb:6b:cf,96:d0:d1:87:20:b5,,,,,drop,101956,17740344
s1,0.030,0,0,96:d0:d1:87:20:b5,42:e2:f2:bb:6b:cf,,,,,drop,0,0
s2,0.233,0,0,96:d0:d1:87:20:b5,42:e2:f2:bb:6b:cf,,,,,drop,0,0
s2,0.228,55243,9612282,42:e2:f2:bb:6b:cf,96:d0:d1:87:20:b5,,,,,drop,0,0
s1,0.034,0,0,96:d0:d1:87:20:b5,42:e2:f2:bb:6b:cf,,,,,drop,0,0
s1,0.032,39330,6843420,42:e2:f2:bb:6b:cf,96:d0:d1:87:20:b5,,,,,drop,0,0
s2,0.229,4917,855558,42:e2:f2:bb:6b:cf,96:d0:d1:87:20:b5,,,,,drop,0,0
s2,0.228,0,0,96:d0:d1:87:20:b5,42:e2:f2:bb:6b:cf,,,,,drop,0,0
s1,0.034,141407,24604818,42:e2:f2:bb:6b:cf,96:d0:d1:87:20:b5,,,,,drop,102077,17761398
s1,0.026,0,0,96:d0:d1:87:20:b5,42:e2:f2:bb:6b:cf,,,,,drop,0,0
s2,0.230,0,0,96:d0:d1:87:20:b5,42:e2:f2:bb:6b:cf,,,,,drop,0,0
s2,0.224,4917,855558,42:e2:f2:bb:6b:cf,96:d0:d1:87:20:b5,,,,,drop,0,0
s1,0.035,242970,42276780,42:e2:f2:bb:6b:cf,96:d0:d1:87:20:b5,,,,,drop,101563,17671962
s1,0.028,0,0,96:d0:d1:87:20:b5,42:e2:f2:bb:6b:cf,,,,,drop,0,0
s2,0.232,4917,855558,42:e2:f2:bb:6b:cf,96:d0:d1:87:20:b5,,,,,drop,0,0
s2,0.228,0,0,96:d0:d1:87:20:b5,42:e2:f2:bb:6b:cf,,,,,drop,0,0
s1,0.033,343545,59776830,42:e2:f2:bb:6b:cf,96:d0:d1:87:20:b5,,,,,drop,100575,17500050
s1,0.029,0,0,96:d0:d1:87:20:b5,42:e2:f2:bb:6b:cf,,,,,drop,0,0
s2,0.229,4917,855558,42:e2:f2:bb:6b:cf,96:d0:d1:87:20:b5,,,,,drop,0,0
s2,0.226,0,0,96:d0:d1:87:20:b5,42:e2:f2:bb:6b:cf,,,,,drop,0,0
s1,0.031,446406,77674644,42:e2:f2:bb:6b:cf,96:d0:d1:87:20:b5,,,,,drop,102861,17897814
s1,0.028,0,0,96:d0:d1:87:20:b5,42:e2:f2:bb:6b:cf,,,,,drop,0,0
s2,0.233,4917,855558,42:e2:f2:bb:6b:cf,96:d0:d1:87:20:b5,,,,,drop,0,0
s2,0.226,0,0,96:d0:d1:87:20:b5,42:e2:f2:bb:6b:cf,,,,,drop,0,0
s1,0.033,549421,95599254,42:e2:f2:bb:6b:cf,96:d0:d1:87:20:b5,,,,,drop,103015,17924610
s1,0.029,0,0,96:d0:d1:87:20:b5,42:e2:f2:bb:6b:cf,,,,,drop,0,0
s2,0.224,0,0,96:d0:d1:87:20:b5,42:e2:f2:bb:6b:cf,,,,,drop,0,0
s2,0.224,4917,855558,42:e2:f2:bb:6b:cf,96:d0:d1:87:20:b5,,,,,drop,0,0
s1,0.033,21860,3803640,42:e2:f2:bb:6b:cf,96:d0:d1:87:20:b5,,,,,drop,0,0
s1,0.031,0,0,96:d0:d1:87:20:b5,42:e2:f2:bb:6b:cf,,,,,drop,0,0
s2,0.228,20949,3645126,42:e2:f2:bb:6b:cf,96:d0:d1:87:20:b5,,,,,drop,16032,2789568
s2,0.227,0,0,96:d0:d1:87:20:b5,42:e2:f2:bb:6b:cf,,,,,drop,0,0
s1,0.033,0,0,96:d0:d1:87:20:b5,42:e2:f2:bb:6b:cf,,,,,drop,0,0
s1,0.030,124921,21736254,42:e2:f2:bb:6b:cf,96:d0:d1:87:20:b5,,,,,drop,103061,17932614
s2,0.232,0,0,96:d0:d1:87:20:b5,42:e2:f2:bb:6b:cf,,,,,drop,0,0
s2,0.232,20949,3645126,42:e2:f2:bb:6b:cf,96:d0:d1:87:20:b5,,,,,drop,0,0
s1,0.035,0,0,96:d0:d1:87:20:b5,42:e2:f2:bb:6b:cf,,,,,drop,0,0
s1,0.032,226908,39481992,42:e2:f2:bb:6b:cf,96:d0:d1:87:20:b5,,,,,drop,101987,17745738
s2,0.238,20949,3645126,42:e2:f2:bb:6b:cf,96:d0:d1:87:20:b5,,,,,drop,0,0
s2,0.234,0,0,96:d0:d1:87:20:b5,42:e2:f2:bb:6b:cf,,,,,drop,0,0
s1,0.034,327992,57070608,42:e2:f2:bb:6b:cf,96:d0:d1:87:20:b5,,,,,drop,101084,17588616
s1,0.032,0,0,96:d0:d1:87:20:b5,42:e2:f2:bb:6b:cf,,,,,drop,0,0
s2,0.225,0,0,96:d0:d1:87:20:b5,42:e2:f2:bb:6b:cf,,,,,drop,0,0
s2,0.225,20949,3645126,42:e2:f2:bb:6b:cf,96:d0:d1:87:20:b5,,,,,drop,0,0
s1,0.033,0,0,96:d0:d1:87:20:b5,42:e2:f2:bb:6b:cf,,,,,drop,0,0
s1,0.030,429492,74731608,42:e2:f2:bb:6b:cf,96:d0:d1:87:20:b5,,,,,drop,101500,17661000
s2,0.232,20949,3645126,42:e2:f2:bb:6b:cf,96:d0:d1:87:20:b5,,,,,drop,0,0
s2,0.225,0,0,96:d0:d1:87:20:b5,42:e2:f2:bb:6b:cf,,,,,drop,0,0
s1,0.033,531310,92447940,42:e2:f2:bb:6b:cf,96:d0:d1:87:20:b5,,,,,drop,101818,17716332
s1,0.029,0,0,96:d0:d1:87:20:b5,42:e2:f2:bb:6b:cf,,,,,drop,0,0
s2,0.234,20949,3645126,42:e2:f2:bb:6b:cf,96:d0:d1:87:20:b5,,,,,drop,0,0
s2,0.228,0,0,96:d0:d1:87:20:b5,42:e2:f2:bb:6b:cf,,,,,drop,0,0
s1,0.027,0,0,96:d0:d1:87:20:b5,42:e2:f2:bb:6b:cf,,,,,drop,0,0
s1,0.025,85624,14898576,42:e2:f2:bb:6b:cf,96:d0:d1:87:20:b5,,,,,drop,0,0
s2,0.218,0,0,96:d0:d1:87:20:b5,42:e2:f2:bb:6b:cf,,,,,drop,0,0
s2,0.216,44636,7766664,42:e2:f2:bb:6b:cf,96:d0:d1:87:20:b5,,,,,drop,23687,4121538
s1,0.036,187051,32546874,42:e2:f2:bb:6b:cf,96:d0:d1:87:20:b5,,,,,drop,101427,17648298
s1,0.029,0,0,96:d0:d1:87:20:b5,42:e2:f2:bb:6b:cf,,,,,drop,0,0
s2,0.233,44636,7766664,42:e2:f2:bb:6b:cf,96:d0:d1:87:20:b5,,,,,drop,0,0
s2,0.230,0,0,96:d0:d1:87:20:b5,42:e2:f2:bb:6b:cf,,,,,drop,0,0
s1,0.042,0,0,96:d0:d1:87:20:b5,42:e2:f2:bb:6b:cf,,,,,drop,0,0
s1,0.039,288730,50239020,42:e2:f2:bb:6b:cf,96:d0:d1:87:20:b5,,,,,drop,101679,17692146
s2,0.242,44636,7766664,42:e2:f2:bb:6b:cf,96:d0:d1:87:20:b5,,,,,drop,0,0
s2,0.232,0,0,96:d0:d1:87:20:b5,42:e2:f2:bb:6b:cf,,,,,drop,0,0
s1,0.034,391593,68137182,42:e2:f2:bb:6b:cf,96:d0:d1:87:20:b5,,,,,drop,102863,17898162
s1,0.031,0,0,96:d0:d1:87:20:b5,42:e2:f2:bb:6b:cf,,,,,drop,0,0
s2,0.231,44636,7766664,42:e2:f2:bb:6b:cf,96:d0:d1:87:20:b5,,,,,drop,0,0
s2,0.228,0,0,96:d0:d1:87:20:b5,42:e2:f2:bb:6b:cf,,,,,drop,0,0
s1,0.032,0,0,96:d0:d1:87:20:b5,42:e2:f2:bb:6b:cf,,,,,drop,0,0
s1,0.029,493157,85809318,42:e2:f2:bb:6b:cf,96:d0:d1:87:20:b5,,,,,drop,101564,17672136
s2,0.229,44636,7766664,42:e2:f2:bb:6b:cf,96:d0:d1:87:20:b5,,,,,drop,0,0
s2,0.224,0,0,96:d0:d1:87:20:b5,42:e2:f2:bb:6b:cf,,,,,drop,0,0
s1,0.032,0,0,96:d0:d1:87:20:b5,42:e2:f2:bb:6b:cf,,,,,drop,0,0
s1,0.030,595648,103642752,42:e2:f2:bb:6b:cf,96:d0:d1:87:20:b5,,,,,drop,102491,17833434
s2,0.145,0,0,42:e2:f2:bb:6b:cf,96:d0:d1:87:20:b5,,,,,output:3,0,0
s1,0.032,0,0,96:d0:d1:87:20:b5,42:e2:f2:bb:6b:cf,,,,,drop,0,0
s1,0.029,73762,12834588,42:e2:f2:bb:6b:cf,96:d0:d1:87:20:b5,,,,,drop,0,0
s2,0.219,0,0,96:d0:d1:87:20:b5,42:e2:f2:bb:6b:cf,,,,,drop,0,0
s2,0.216,63155,10988970,42:e2:f2:bb:6b:cf,96:d0:d1:87:20:b5,,,,,drop,18519,3222306
s1,0.034,0,0,96:d0:d1:87:20:b5,42:e2:f2:bb:6b:cf,,,,,drop,0,0
s1,0.029,174744,30405456,42:e2:f2:bb:6b:cf,96:d0:d1:87:20:b5,,,,,drop,100982,17570868
s2,0.222,0,0,96:d0:d1:87:20:b5,42:e2:f2:bb:6b:cf,,,,,drop,0,0
s2,0.222,63155,10988970,42:e2:f2:bb:6b:cf,96:d0:d1:87:20:b5,,,,,drop,0,0
s1,0.033,274942,47839908,42:e2:f2:bb:6b:cf,96:d0:d1:87:20:b5,,,,,drop,100198,17434452
s1,0.029,0,0,96:d0:d1:87:20:b5,42:e2:f2:bb:6b:cf,,,,,drop,0,0
s2,0.233,63155,10988970,42:e2:f2:bb:6b:cf,96:d0:d1:87:20:b5,,,,,drop,0,0
s2,0.227,0,0,96:d0:d1:87:20:b5,42:e2:f2:bb:6b:cf,,,,,drop,0,0
s1,0.030,376897,65580078,42:e2:f2:bb:6b:cf,96:d0:d1:87:20:b5,,,,,drop,101955,17740170
s1,0.030,0,0,96:d0:d1:87:20:b5,42:e2:f2:bb:6b:cf,,,,,drop,0,0
s2,0.230,0,0,96:d0:d1:87:20:b5,42:e2:f2:bb:6b:cf,,,,,drop,0,0
s2,0.224,63155,10988970,42:e2:f2:bb:6b:cf,96:d0:d1:87:20:b5,,,,,drop,0,0
s1,0.031,479272,83393328,42:e2:f2:bb:6b:cf,96:d0:d1:87:20:b5,,,,,drop,102375,17813250
s1,0.028,0,0,96:d0:d1:87:20:b5,42:e2:f2:bb:6b:cf,,,,,drop,0,0
s2,0.230,63155,10988970,42:e2:f2:bb:6b:cf,96:d0:d1:87:20:b5,,,,,drop,0,0
s2,0.224,0,0,96:d0:d1:87:20:b5,42:e2:f2:bb:6b:cf,,,,,drop,0,0
s1,0.034,40644,7072056,42:e2:f2:bb:6b:cf,96:d0:d1:87:20:b5,,,,,drop,0,0
s1,0.032,0,0,96:d0:d1:87:20:b5,42:e2:f2:bb:6b:cf,,,,,drop,0,0
s2,0.230,0,0,96:d0:d1:87:20:b5,42:e2:f2:bb:6b:cf,,,,,drop,0,0
s2,0.229,16068,2795832,42:e2:f2:bb:6b:cf,96:d0:d1:87:20:b5,,,,,drop,0,0
s1,0.035,142451,24786474,42:e2:f2:bb:6b:cf,96:d0:d1:87:20:b5,,,,,drop,101807,17714418
s1,0.030,0,0,96:d0:d1:87:20:b5,42:e2:f2:bb:6b:cf,,,,,drop,0,0
s2,0.236,0,0,96:d0:d1:87:20:b5,42:e2:f2:bb:6b:cf,,,,,drop,0,0
s2,0.231,16068,2795832,42:e2:f2:bb:6b:cf,96:d0:d1:87:20:b5,,,,,drop,0,0
s1,0.036,0,0,96:d0:d1:87:20:b5,42:e2:f2:bb:6b:cf,,,,,drop,0,0
s1,0.035,245098,42647052,42:e2:f2:bb:6b:cf,96:d0:d1:87:20:b5,,,,,drop,102647,17860578
s2,0.230,16068,2795832,42:e2:f2:bb:6b:cf,96:d0:d1:87:20:b5,,,,,drop,0,0
s2,0.228,0,0,96:d0:d1:87:20:b5,42:e2:f2:bb:6b:cf,,,,,drop,0,0
s1,0.028,0,0,96:d0:d1:87:20:b5,42:e2:f2:bb:6b:cf,,,,,drop,0,0
s1,0.025,346440,60280560,42:e2:f2:bb:6b:cf,96:d0:d1:87:20:b5,,,,,drop,101342,17633508
s2,0.224,0,0,96:d0:d1:87:20:b5,42:e2:f2:bb:6b:cf,,,,,drop,0,0
s2,0.220,16068,2795832,42:e2:f2:bb:6b:cf,96:d0:d1:87:20:b5,,,,,drop,0,0
s1,0.034,0,0,96:d0:d1:87:20:b5,42:e2:f2:bb:6b:cf,,,,,drop,0,0
s1,0.033,450430,78374820,42:e2:f2:bb:6b:cf,96:d0:d1:87:20:b5,,,,,drop,103990,18094260
s2,0.242,16068,2795832,42:e2:f2:bb:6b:cf,96:d0:d1:87:20:b5,,,,,drop,0,0
s2,0.233,0,0,96:d0:d1:87:20:b5,42:e2:f2:bb:6b:cf,,,,,drop,0,0
s1,0.033,552253,96092022,42:e2:f2:bb:6b:cf,96:d0:d1:87:20:b5,,,,,drop,101823,17717202
s1,0.028,0,0,96:d0:d1:87:20:b5,42:e2:f2:bb:6b:cf,,,,,drop,0,0
s2,0.231,16068,2795832,42:e2:f2:bb:6b:cf,96:d0:d1:87:20:b5,,,,,drop,0,0
s2,0.224,0,0,96:d0:d1:87:20:b5,42:e2:f2:bb:6b:cf,,,,,drop,0,0
s1,0.020,86751,15094674,42:e2:f2:bb:6b:cf,96:d0:d1:87:20:b5,,,,,drop,0,0
s1,0.018,0,0,96:d0:d1:87:20:b5,42:e2:f2:bb:6b:cf,,,,,drop,0,0
s2,0.213,0,0,96:d0:d1:87:20:b5,42:e2:f2:bb:6b:cf,,,,,drop,0,0
s2,0.211,35160,6117840,42:e2:f2:bb:6b:cf,96:d0:d1:87:20:b5,,,,,drop,19092,3322008
s1,0.031,183320,31897680,42:e2:f2:bb:6b:cf,96:d0:d1:87:20:b5,,,,,drop,96569,16803006
s1,0.023,0,0,96:d0:d1:87:20:b5,42:e2:f2:bb:6b:cf,,,,,drop,0,0
s2,0.227,0,0,96:d0:d1:87:20:b5,42:e2:f2:bb:6b:cf,,,,,drop,0,0
s2,0.226,35160,6117840,42:e2:f2:bb:6b:cf,96:d0:d1:87:20:b5,,,,,drop,0,0
s1,0.035,284429,49490646,42:e2:f2:bb:6b:cf,96:d0:d1:87:20:b5,,,,,drop,101109,17592966
s1,0.035,0,0,96:d0:d1:87:20:b5,42:e2:f2:bb:6b:cf,,,,,drop,0,0
s2,0.237,0,0,96:d0:d1:87:20:b5,42:e2:f2:bb:6b:cf,,,,,drop,0,0
s2,0.231,35160,6117840,42:e2:f2:bb:6b:cf,96:d0:d1:87:20:b5,,,,,drop,0,0
s1,0.032,386483,67248042,42:e2:f2:bb:6b:cf,96:d0:d1:87:20:b5,,,,,drop,102054,17757396
s1,0.031,0,0,96:d0:d1:87:20:b5,42:e2:f2:bb:6b:cf,,,,,drop,0,0
s2,0.218,35160,6117840,42:e2:f2:bb:6b:cf,96:d0:d1:87:20:b5,,,,,drop,0,0
s2,0.217,0,0,96:d0:d1:87:20:b5,42:e2:f2:bb:6b:cf,,,,,drop,0,0
s1,0.036,487848,84885552,42:e2:f2:bb:6b:cf,96:d0:d1:87:20:b5,,,,,drop,101365,17637510
s1,0.032,0,0,96:d0:d1:87:20:b5,42:e2:f2:bb:6b:cf,,,,,drop,0,0
s2,0.236,0,0,96:d0:d1:87:20:b5,42:e2:f2:bb:6b:cf,,,,,drop,0,0
s2,0.233,35160,6117840,42:e2:f2:bb:6b:cf,96:d0:d1:87:20:b5,,,,,drop,0,0
s1,0.047,0,0,96:d0:d1:87:20:b5,42:e2:f2:bb:6b:cf,,,,,drop,0,0
s1,0.038,588812,102453288,42:e2:f2:bb:6b:cf,96:d0:d1:87:20:b5,,,,,drop,100964,17567736
s2,0.001,0,0,42:e2:f2:bb:6b:cf,96:d0:d1:87:20:b5,,,,,output:3,0,0
s1,0.033,79784,13882416,42:e2:f2:bb:6b:cf,96:d0:d1:87:20:b5,,,,,drop,0,0
s1,0.031,0,0,96:d0:d1:87:20:b5,42:e2:f2:bb:6b:cf,,,,,drop,0,0
s2,0.223,0,0,96:d0:d1:87:20:b5,42:e2:f2:bb:6b:cf,,,,,drop,0,0
s2,0.218,50225,8739150,42:e2:f2:bb:6b:cf,96:d0:d1:87:20:b5,,,,,drop,15065,2621310
s1,0.038,181521,31584654,42:e2:f2:bb:6b:cf,96:d0:d1:87:20:b5,,,,,drop,101737,17702238
s1,0.034,0,0,96:d0:d1:87:20:b5,42:e2:f2:bb:6b:cf,,,,,drop,0,0
s2,0.234,0,0,96:d0:d1:87:20:b5,42:e2:f2:bb:6b:cf,,,,,drop,0,0
s2,0.229,50225,8739150,42:e2:f2:bb:6b:cf,96:d0:d1:87:20:b5,,,,,drop,0,0
s1,0.037,0,0,96:d0:d1:87:20:b5,42:e2:f2:bb:6b:cf,,,,,drop,0,0
s1,0.032,282919,49227906,42:e2:f2:bb:6b:cf,96:d0:d1:87:20:b5,,,,,drop,101398,17643252
s2,0.233,0,0,96:d0:d1:87:20:b5,42:e2:f2:bb:6b:cf,,,,,drop,0,0
s2,0.232,50225,8739150,42:e2:f2:bb:6b:cf,96:d0:d1:87:20:b5,,,,,drop,0,0
s1,0.035,386136,67187664,42:e2:f2:bb:6b:cf,96:d0:d1:87:20:b5,,,,,drop,103217,17959758
s1,0.033,0,0,96:d0:d1:87:20:b5,42:e2:f2:bb:6b:cf,,,,,drop,0,0
s2,0.233,0,0,96:d0:d1:87:20:b5,42:e2:f2:bb:6b:cf,,,,,drop,0,0
s2,0.227,50225,8739150,42:e2:f2:bb:6b:cf,96:d0:d1:87:20:b5,,,,,drop,0,0
s1,0.034,487767,84871458,42:e2:f2:bb:6b:cf,96:d0:d1:87:20:b5,,,,,drop,101631,17683794
s1,0.027,0,0,96:d0:d1:87:20:b5,42:e2:f2:bb:6b:cf,,,,,drop,0,0
s2,0.230,50225,8739150,42:e2:f2:bb:6b:cf,96:d0:d1:87:20:b5,,,,,drop,0,0
s2,0.225,0,0,96:d0:d1:87:20:b5,42:e2:f2:bb:6b:cf,,,,,drop,0,0
s1,0.022,1358,236292,42:e2:f2:bb:6b:cf,96:d0:d1:87:20:b5,,,,,output:4,0,0
s2,0.206,0,0,42:e2:f2:bb:6b:cf,96:d0:d1:87:20:b5,,,,,output:3,0,0
s1,0.032,68709,11955366,42:e2:f2:bb:6b:cf,96:d0:d1:87:20:b5,,,,,drop,0,0
s1,0.030,0,0,96:d0:d1:87:20:b5,42:e2:f2:bb:6b:cf,,,,,drop,0,0
s2,0.229,0,0,96:d0:d1:87:20:b5,42:e2:f2:bb:6b:cf,,,,,drop,0,0
s2,0.226,66678,11601972,42:e2:f2:bb:6b:cf,96:d0:d1:87:20:b5,,,,,drop,16453,2862822
s1,0.030,171699,29875626,42:e2:f2:bb:6b:cf,96:d0:d1:87:20:b5,,,,,drop,102990,17920260
s1,0.027,0,0,96:d0:d1:87:20:b5,42:e2:f2:bb:6b:cf,,,,,drop,0,0
s2,0.230,66678,11601972,42:e2:f2:bb:6b:cf,96:d0:d1:87:20:b5,,,,,drop,0,0
s2,0.225,0,0,96:d0:d1:87:20:b5,42:e2:f2:bb:6b:cf,,,,,drop,0,0
s1,0.016,275713,47974062,42:e2:f2:bb:6b:cf,96:d0:d1:87:20:b5,,,,,drop,104014,18098436
s1,0.014,0,0,96:d0:d1:87:20:b5,42:e2:f2:bb:6b:cf,,,,,drop,0,0
s2,0.219,66678,11601972,42:e2:f2:bb:6b:cf,96:d0:d1:87:20:b5,,,,,drop,0,0
s2,0.217,0,0,96:d0:d1:87:20:b5,42:e2:f2:bb:6b:cf,,,,,drop,0,0
s1,0.034,377290,65648460,42:e2:f2:bb:6b:cf,96:d0:d1:87:20:b5,,,,,drop,101577,17674398
s1,0.032,0,0,96:d0:d1:87:20:b5,42:e2:f2:bb:6b:cf,,,,,drop,0,0
s2,0.231,66678,11601972,42:e2:f2:bb:6b:cf,96:d0:d1:87:20:b5,,,,,drop,0,0
s2,0.229,0,0,96:d0:d1:87:20:b5,42:e2:f2:bb:6b:cf,,,,,drop,0,0
s1,0.045,479452,83424648,42:e2:f2:bb:6b:cf,96:d0:d1:87:20:b5,,,,,drop,102162,17776188
s1,0.042,0,0,96:d0:d1:87:20:b5,42:e2:f2:bb:6b:cf,,,,,drop,0,0
s2,0.229,0,0,96:d0:d1:87:20:b5,42:e2:f2:bb:6b:cf,,,,,drop,0,0
s2,0.227,66678,11601972,42:e2:f2:bb:6b:cf,96:d0:d1:87:20:b5,,,,,drop,0,0
s1,0.024,0,0,96:d0:d1:87:20:b5,42:e2:f2:bb:6b:cf,,,,,drop,0,0
s1,0.024,33821,5884854,42:e2:f2:bb:6b:cf,96:d0:d1:87:20:b5,,,,,drop,0,0
s2,0.218,0,0,96:d0:d1:87:20:b5,42:e2:f2:bb:6b:cf,,,,,drop,0,0
s2,0.218,21876,3806424,42:e2:f2:bb:6b:cf,96:d0:d1:87:20:b5,,,,,drop,0,0
s1,0.037,130621,22728054,42:e2:f2:bb:6b:cf,96:d0:d1:87:20:b5,,,,,drop,96800,16843200
s1,0.035,0,0,96:d0:d1:87:20:b5,42:e2:f2:bb:6b:cf,,,,,drop,0,0
s2,0.240,21876,3806424,42:e2:f2:bb:6b:cf,96:d0:d1:87:20:b5,,,,,drop,0,0
s2,0.234,0,0,96:d0:d1:87:20:b5,42:e2:f2:bb:6b:cf,,,,,drop,0,0
s1,0.019,238537,41505438,42:e2:f2:bb:6b:cf,96:d0:d1:87:20:b5,,,,,drop,107916,18777384
s1,0.017,0,0,96:d0:d1:87:20:b5,42:e2:f2:bb:6b:cf,,,,,drop,0,0
s2,0.216,0,0,96:d0:d1:87:20:b5,42:e2:f2:bb:6b:cf,,,,,drop,0,0
s2,0.210,21876,3806424,42:e2:f2:bb:6b:cf,96:d0:d1:87:20:b5,,,,,drop,0,0
s1,0.033,0,0,96:d0:d1:87:20:b5,42:e2:f2:bb:6b:cf,,,,,drop,0,0
s1,0.032,340769,59293806,42:e2:f2:bb:6b:cf,96:d0:d1:87:20:b5,,,,,drop,102232,17788368
s2,0.222,0,0,96:d0:d1:87:20:b5,42:e2:f2:bb:6b:cf,,,,,drop,0,0
s2,0.220,21876,3806424,42:e2:f2:bb:6b:cf,96:d0:d1:87:20:b5,,,,,drop,0,0
s1,0.033,0,0,96:d0:d1:87:20:b5,42:e2:f2:bb:6b:cf,,,,,drop,0,0
s1,0.031,442411,76979514,42:e2:f2:bb:6b:cf,96:d0:d1:87:20:b5,,,,,drop,101642,17685708
s2,0.225,0,0,96:d0:d1:87:20:b5,42:e2:f2:bb:6b:cf,,,,,drop,0,0
s2,0.218,21876,3806424,42:e2:f2:bb:6b:cf,96:d0:d1:87:20:b5,,,,,drop,0,0
s1,0.035,0,0,96:d0:d1:87:20:b5,42:e2:f2:bb:6b:cf,,,,,drop,0,0
s1,0.035,544236,94697064,42:e2:f2:bb:6b:cf,96:d0:d1:87:20:b5,,,,,drop,101825,17717550
s2,0.230,0,0,96:d0:d1:87:20:b5,42:e2:f2:bb:6b:cf,,,,,drop,0,0
s2,0.225,21876,3806424,42:e2:f2:bb:6b:cf,96:d0:d1:87:20:b5,,,,,drop,0,0
s1,0.032,0,0,96:d0:d1:87:20:b5,42:e2:f2:bb:6b:cf,,,,,drop,0,0
s1,0.031,87894,15293556,42:e2:f2:bb:6b:cf,96:d0:d1:87:20:b5,,,,,drop,0,0
s2,0.233,38843,6758682,42:e2:f2:bb:6b:cf,96:d0:d1:87:20:b5,,,,,drop,16967,2952258
s2,0.231,0,0,96:d0:d1:87:20:b5,42:e2:f2:bb:6b:cf,,,,,drop,0,0
s1,0.033,0,0,96:d0:d1:87:20:b5,42:e2:f2:bb:6b:cf,,,,,drop,0,0
s1,0.028,190804,33199896,42:e2:f2:bb:6b:cf,96:d0:d1:87:20:b5,,,,,drop,102910,17906340
s2,0.228,0,0,96:d0:d1:87:20:b5,42:e2:f2:bb:6b:cf,,,,,drop,0,0
s2,0.225,38843,6758682,42:e2:f2:bb:6b:cf,96:d0:d1:87:20:b5,,,,,drop,0,0
s1,0.045,0,0,96:d0:d1:87:20:b5,42:e2:f2:bb:6b:cf,,,,,drop,0,0
s1,0.040,292171,50837754,42:e2:f2:bb:6b:cf,96:d0:d1:87:20:b5,,,,,drop,101367,17637858
s2,0.243,38843,6758682,42:e2:f2:bb:6b:cf,96:d0:d1:87:20:b5,,,,,drop,0,0
s2,0.239,0,0,96:d0:d1:87:20:b5,42:e2:f2:bb:6b:cf,,,,,drop,0,0
s1,0.029,397818,69220332,42:e2:f2:bb:6b:cf,96:d0:d1:87:20:b5,,,,,drop,105647,18382578
s1,0.027,0,0,96:d0:d1:87:20:b5,42:e2:f2:bb:6b:cf,,,,,drop,0,0
s2,0.228,38843,6758682,42:e2:f2:bb:6b:cf,96:d0:d1:87:20:b5,,,,,drop,0,0
s2,0.225,0,0,96:d0:d1:87:20:b5,42:e2:f2:bb:6b:cf,,,,,drop,0,0
s1,0.017,500173,87030102,42:e2:f2:bb:6b:cf,96:d0:d1:87:20:b5,,,,,drop,102355,17809770
s1,0.016,0,0,96:d0:d1:87:20:b5,42:e2:f2:bb:6b:cf,,,,,drop,0,0
s2,0.217,0,0,96:d0:d1:87:20:b5,42:e2:f2:bb:6b:cf,,,,,drop,0,0
s2,0.211,38843,6758682,42:e2:f2:bb:6b:cf,96:d0:d1:87:20:b5,,,,,drop,0,0
s1,0.031,606070,105456180,42:e2:f2:bb:6b:cf,96:d0:d1:87:20:b5,,,,,drop,105897,18426078
s1,0.030,0,0,96:d0:d1:87:20:b5,42:e2:f2:bb:6b:cf,,,,,drop,0,0
s2,0.192,0,0,42:e2:f2:bb:6b:cf,96:d0:d1:87:20:b5,,,,,output:3,0,0
s1,0.038,67415,11730210,42:e2:f2:bb:6b:cf,96:d0:d1:87:20:b5,,,,,drop,0,0
s1,0.034,0,0,96:d0:d1:87:20:b5,42:e2:f2:bb:6b:cf,,,,,drop,0,0
s2,0.230,0,0,96:d0:d1:87:20:b5,42:e2:f2:bb:6b:cf,,,,,drop,0,0
s2,0.228,61797,10752678,42:e2:f2:bb:6b:cf,96:d0:d1:87:20:b5,,,,,drop,22954,3993996
s1,0.037,167598,29162052,42:e2:f2:bb:6b:cf,96:d0:d1:87:20:b5,,,,,drop,100183,17431842
s1,0.029,0,0,96:d0:d1:87:20:b5,42:e2:f2:bb:6b:cf,,,,,drop,0,0
s2,0.230,0,0,96:d0:d1:87:20:b5,42:e2:f2:bb:6b:cf,,,,,drop,0,0
s2,0.226,61797,10752678,42:e2:f2:bb:6b:cf,96:d0:d1:87:20:b5,,,,,drop,0,0
s1,0.038,0,0,96:d0:d1:87:20:b5,42:e2:f2:bb:6b:cf,,,,,drop,0,0
s1,0.034,268153,46658622,42:e2:f2:bb:6b:cf,96:d0:d1:87:20:b5,,,,,drop,100555,17496570
s2,0.227,0,0,96:d0:d1:87:20:b5,42:e2:f2:bb:6b:cf,,,,,drop,0,0
s2,0.225,61797,10752678,42:e2:f2:bb:6b:cf,96:d0:d1:87:20:b5,,,,,drop,0,0
s1,0.035,370722,64505628,42:e2:f2:bb:6b:cf,96:d0:d1:87:20:b5,,,,,drop,102569,17847006
s1,0.029,0,0,96:d0:d1:87:20:b5,42:e2:f2:bb:6b:cf,,,,,drop,0,0
s2,0.227,61797,10752678,42:e2:f2:bb:6b:cf,96:d0:d1:87:20:b5,,,,,drop,0,0
s2,0.225,0,0,96:d0:d1:87:20:b5,42:e2:f2:bb:6b:cf,,,,,drop,0,0
s1,0.036,473554,82398396,42:e2:f2:bb:6b:cf,96:d0:d1:87:20:b5,,,,,drop,102832,17892768
s1,0.033,0,0,96:d0:d1:87:20:b5,42:e2:f2:bb:6b:cf,,,,,drop,0,0
s2,0.227,61797,10752678,42:e2:f2:bb:6b:cf,96:d0:d1:87:20:b5,,,,,drop,0,0
s2,0.226,0,0,96:d0:d1:87:20:b5,42:e2:f2:bb:6b:cf,,,,,drop,0,0
s1,0.035,35629,6199446,42:e2:f2:bb:6b:cf,96:d0:d1:87:20:b5,,,,,drop,0,0
s1,0.033,0,0,96:d0:d1:87:20:b5,42:e2:f2:bb:6b:cf,,,,,drop,0,0
s2,0.232,0,0,96:d0:d1:87:20:b5,42:e2:f2:bb:6b:cf,,,,,drop,0,0
s2,0.230,9753,1697022,42:e2:f2:bb:6b:cf,96:d0:d1:87:20:b5,,,,,drop,0,0
s1,0.033,138601,24116574,42:e2:f2:bb:6b:cf,96:d0:d1:87:20:b5,,,,,drop,102972,17917128
s1,0.030,0,0,96:d0:d1:87:20:b5,42:e2:f2:bb:6b:cf,,,,,drop,0,0
s2,0.235,9753,1697022,42:e2:f2:bb:6b:cf,96:d0:d1:87:20:b5,,,,,drop,0,0
s2,0.232,0,0,96:d0:d1:87:20:b5,42:e2:f2:bb:6b:cf,,,,,drop,0,0
s1,0.037,240478,41843172,42:e2:f2:bb:6b:cf,96:d0:d1:87:20:b5,,,,,drop,101877,17726598
s1,0.032,0,0,96:d0:d1:87:20:b5,42:e2:f2:bb:6b:cf,,,,,drop,0,0
s2,0.229,0,0,96:d0:d1:87:20:b5,42:e2:f2:bb:6b:cf,,,,,drop,0,0
s2,0.225,9753,1697022,42:e2:f2:bb:6b:cf,96:d0:d1:87:20:b5,,,,,drop,0,0
s1,0.031,342619,59615706,42:e2:f2:bb:6b:cf,96:d0:d1:87:20:b5,,,,,drop,102141,17772534
s1,0.027,0,0,96:d0:d1:87:20:b5,42:e2:f2:bb:6b:cf,,,,,drop,0,0
s2,0.222,9753,1697022,42:e2:f2:bb:6b:cf,96:d0:d1:87:20:b5,,,,,drop,0,0
s2,0.218,0,0,96:d0:d1:87:20:b5,42:e2:f2:bb:6b:cf,,,,,drop,0,0
s1,0.036,444194,77289756,42:e2:f2:bb:6b:cf,96:d0:d1:87:20:b5,,,,,drop,101575,17674050
s1,0.033,0,0,96:d0:d1:87:20:b5,42:e2:f2:bb:6b:cf,,,,,drop,0,0
s2,0.233,9753,1697022,42:e2:f2:bb:6b:cf,96:d0:d1:87:20:b5,,,,,drop,0,0
s2,0.232,0,0,96:d0:d1:87:20:b5,42:e2:f2:bb:6b:cf,,,,,drop,0,0
s1,0.034,0,0,96:d0:d1:87:20:b5,42:e2:f2:bb:6b:cf,,,,,drop,0,0
s1,0.033,548437,95428038,42:e2:f2:bb:6b:cf,96:d0:d1:87:20:b5,,,,,drop,104243,18138282
s2,0.230,9753,1697022,42:e2:f2:bb:6b:cf,96:d0:d1:87:20:b5,,,,,drop,0,0
s2,0.223,0,0,96:d0:d1:87:20:b5,42:e2:f2:bb:6b:cf,,,,,drop,0,0
s1,0.032,0,0,96:d0:d1:87:20:b5,42:e2:f2:bb:6b:cf,,,,,drop,0,0
s1,0.031,30201,5254974,42:e2:f2:bb:6b:cf,96:d0:d1:87:20:b5,,,,,drop,0,0
s2,0.221,0,0,96:d0:d1:87:20:b5,42:e2:f2:bb:6b:cf,,,,,drop,0,0
s2,0.220,24908,4333992,42:e2:f2:bb:6b:cf,96:d0:d1:87:20:b5,,,,,drop,15155,2636970
s1,0.031,0,0,96:d0:d1:87:20:b5,42:e2:f2:bb:6b:cf,,,,,drop,0,0
s1,0.030,133853,23290422,42:e2:f2:bb:6b:cf,96:d0:d1:87:20:b5,,,,,drop,103652,18035448
s2,0.226,0,0,96:d0:d1:87:20:b5,42:e2:f2:bb:6b:cf,,,,,drop,0,0
s2,0.223,24908,4333992,42:e2:f2:bb:6b:cf,96:d0:d1:87:20:b5,,,,,drop,0,0
s1,0.033,237163,41266362,42:e2:f2:bb:6b:cf,96:d0:d1:87:20:b5,,,,,drop,103310,17975940
s1,0.029,0,0,96:d0:d1:87:20:b5,42:e2:f2:bb:6b:cf,,,,,drop,0,0
s2,0.229,0,0,96:d0:d1:87:20:b5,42:e2:f2:bb:6b:cf,,,,,drop,0,0
s2,0.227,24908,4333992,42:e2:f2:bb:6b:cf,96:d0:d1:87:20:b5,,,,,drop,0,0
s1,0.032,0,0,96:d0:d1:87:20:b5,42:e2:f2:bb:6b:cf,,,,,drop,0,0
s1,0.031,339644,59098056,42:e2:f2:bb:6b:cf,96:d0:d1:87:20:b5,,,,,drop,102481,17831694
s2,0.231,0,0,96:d0:d1:87:20:b5,42:e2:f2:bb:6b:cf,,,,,drop,0,0
s2,0.224,24908,4333992,42:e2:f2:bb:6b:cf,96:d0:d1:87:20:b5,,,,,drop,0,0
s1,0.029,0,0,96:d0:d1:87:20:b5,42:e2:f2:bb:6b:cf,,,,,drop,0,0
s1,0.026,444516,77345784,42:e2:f2:bb:6b:cf,96:d0:d1:87:20:b5,,,,,drop,104872,18247728
s2,0.228,24908,4333992,42:e2:f2:bb:6b:cf,96:d0:d1:87:20:b5,,,,,drop,0,0
s2,0.221,0,0,96:d0:d1:87:20:b5,42:e2:f2:bb:6b:cf,,,,,drop,0,0
s1,0.030,547496,95264304,42:e2:f2:bb:6b:cf,96:d0:d1:87:20:b5,,,,,drop,102980,17918520
s1,0.030,0,0,96:d0:d1:87:20:b5,42:e2:f2:bb:6b:cf,,,,,drop,0,0
s2,0.220,0,0,96:d0:d1:87:20:b5,42:e2:f2:bb:6b:cf,,,,,drop,0,0
s2,0.219,24908,4333992,42:e2:f2:bb:6b:cf,96:d0:d1:87:20:b5,,,,,drop,0,0
s1,0.035,0,0,96:d0:d1:87:20:b5,42:e2:f2:bb:6b:cf,,,,,drop,0,0
s1,0.029,80528,14011872,42:e2:f2:bb:6b:cf,96:d0:d1:87:20:b5,,,,,drop,0,0
s2,0.221,0,0,96:d0:d1:87:20:b5,42:e2:f2:bb:6b:cf,,,,,drop,0,0
s2,0.217,47789,8315286,42:e2:f2:bb:6b:cf,96:d0:d1:87:20:b5,,,,,drop,22881,3981294
s1,0.034,183414,31914036,42:e2:f2:bb:6b:cf,96:d0:d1:87:20:b5,,,,,drop,102886,17902164
s1,0.028,0,0,96:d0:d1:87:20:b5,42:e2:f2:bb:6b:cf,,,,,drop,0,0
s2,0.232,47789,8315286,42:e2:f2:bb:6b:cf,96:d0:d1:87:20:b5,,,,,drop,0,0
s2,0.228,0,0,96:d0:d1:87:20:b5,42:e2:f2:bb:6b:cf,,,,,drop,0,0
s1,0.037,285729,49716846,42:e2:f2:bb:6b:cf,96:d0:d1:87:20:b5,,,,,drop,102315,17802810
s1,0.032,0,0,96:d0:d1:87:20:b5,42:e2:f2:bb:6b:cf,,,,,drop,0,0
s2,0.237,0,0,96:d0:d1:87:20:b5,42:e2:f2:bb:6b:cf,,,,,drop,0,0
s2,0.236,47789,8315286,42:e2:f2:bb:6b:cf,96:d0:d1:87:20:b5,,,,,drop,0,0
s1,0.032,388988,67683912,42:e2:f2:bb:6b:cf,96:d0:d1:87:20:b5,,,,,drop,103259,17967066
s1,0.029,0,0,96:d0:d1:87:20:b5,42:e2:f2:bb:6b:cf,,,,,drop,0,0
s2,0.231,47789,8315286,42:e2:f2:bb:6b:cf,96:d0:d1:87:20:b5,,,,,drop,0,0
s2,0.225,0,0,96:d0:d1:87:20:b5,42:e2:f2:bb:6b:cf,,,,,drop,0,0
s1,0.031,492950,85773300,42:e2:f2:bb:6b:cf,96:d0:d1:87:20:b5,,,,,drop,103962,18089388
s1,0.027,0,0,96:d0:d1:87:20:b5,42:e2:f2:bb:6b:cf,,,,,drop,0,0
s2,0.232,0,0,96:d0:d1:87:20:b5,42:e2:f2:bb:6b:cf,,,,,drop,0,0
s2,0.228,47789,8315286,42:e2:f2:bb:6b:cf,96:d0:d1:87:20:b5,,,,,drop,0,0
s1,0.034,40282,7009068,42:e2:f2:bb:6b:cf,96:d0:d1:87:20:b5,,,,,drop,0,0
s1,0.033,0,0,96:d0:d1:87:20:b5,42:e2:f2:bb:6b:cf,,,,,drop,0,0
s2,0.226,741,128934,42:e2:f2:bb:6b:cf,96:d0:d1:87:20:b5,,,,,drop,0,0
s2,0.225,0,0,96:d0:d1:87:20:b5,42:e2:f2:bb:6b:cf,,,,,drop,0,0
s1,0.034,142057,24717918,42:e2:f2:bb:6b:cf,96:d0:d1:87:20:b5,,,,,drop,101775,17708850
s1,0.031,0,0,96:d0:d1:87:20:b5,42:e2:f2:bb:6b:cf,,,,,drop,0,0
s2,0.230,741,128934,42:e2:f2:bb:6b:cf,96:d0:d1:87:20:b5,,,,,drop,0,0
s2,0.228,0,0,96:d0:d1:87:20:b5,42:e2:f2:bb:6b:cf,,,,,drop,0,0
s1,0.033,244490,42541260,42:e2:f2:bb:6b:cf,96:d0:d1:87:20:b5,,,,,drop,102433,17823342
s1,0.030,0,0,96:d0:d1:87:20:b5,42:e2:f2:bb:6b:cf,,,,,drop,0,0
s2,0.233,0,0,96:d0:d1:87:20:b5,42:e2:f2:bb:6b:cf,,,,,drop,0,0
s2,0.231,741,128934,42:e2:f2:bb:6b:cf,96:d0:d1:87:20:b5,,,,,drop,0,0
s1,0.029,348352,60613248,42:e2:f2:bb:6b:cf,96:d0:d1:87:20:b5,,,,,drop,103862,18071988
s1,0.026,0,0,96:d0:d1:87:20:b5,42:e2:f2:bb:6b:cf,,,,,drop,0,0
s2,0.224,741,128934,42:e2:f2:bb:6b:cf,96:d0:d1:87:20:b5,,,,,drop,0,0
s2,0.221,0,0,96:d0:d1:87:20:b5,42:e2:f2:bb:6b:cf,,,,,drop,0,0
s1,0.033,452640,78759360,42:e2:f2:bb:6b:cf,96:d0:d1:87:20:b5,,,,,drop,104288,18146112
s1,0.030,0,0,96:d0:d1:87:20:b5,42:e2:f2:bb:6b:cf,,,,,drop,0,0
s2,0.232,741,128934,42:e2:f2:bb:6b:cf,96:d0:d1:87:20:b5,,,,,drop,0,0
s2,0.225,0,0,96:d0:d1:87:20:b5,42:e2:f2:bb:6b:cf,,,,,drop,0,0
s1,0.035,0,0,96:d0:d1:87:20:b5,42:e2:f2:bb:6b:cf,,,,,drop,0,0
s1,0.031,556235,96784890,42:e2:f2:bb:6b:cf,96:d0:d1:87:20:b5,,,,,drop,103595,18025530
s2,0.228,741,128934,42:e2:f2:bb:6b:cf,96:d0:d1:87:20:b5,,,,,drop,0,0
s2,0.227,0,0,96:d0:d1:87:20:b5,42:e2:f2:bb:6b:cf,,,,,drop,0,0
s1,0.033,0,0,96:d0:d1:87:20:b5,42:e2:f2:bb:6b:cf,,,,,drop,0,0
s1,0.029,17337,3016638,42:e2:f2:bb:6b:cf,96:d0:d1:87:20:b5,,,,,drop,0,0
s2,0.226,0,0,96:d0:d1:87:20:b5,42:e2:f2:bb:6b:cf,,,,,drop,0,0
s2,0.225,16895,2939730,42:e2:f2:bb:6b:cf,96:d0:d1:87:20:b5,,,,,drop,16154,2810796
s1,0.036,0,0,96:d0:d1:87:20:b5,42:e2:f2:bb:6b:cf,,,,,drop,0,0
s1,0.033,120221,20918454,42:e2:f2:bb:6b:cf,96:d0:d1:87:20:b5,,,,,drop,102884,17901816
s2,0.225,0,0,96:d0:d1:87:20:b5,42:e2:f2:bb:6b:cf,,,,,drop,0,0
s2,0.224,16912,2942688,42:e2:f2:bb:6b:cf,96:d0:d1:87:20:b5,,,,,drop,17,2958
s1,0.042,223500,38889000,42:e2:f2:bb:6b:cf,96:d0:d1:87:20:b5,,,,,drop,103279,17970546
s1,0.040,0,0,96:d0:d1:87:20:b5,42:e2:f2:bb:6b:cf,,,,,drop,0,0
s2,0.243,0,0,96:d0:d1:87:20:b5,42:e2:f2:bb:6b:cf,,,,,drop,0,0
s2,0.241,16912,2942688,42:e2:f2:bb:6b:cf,96:d0:d1:87:20:b5,,,,,drop,0,0
s1,0.038,327328,56955072,42:e2:f2:bb:6b:cf,96:d0:d1:87:20:b5,,,,,drop,103828,18066072
s1,0.036,0,0,96:d0:d1:87:20:b5,42:e2:f2:bb:6b:cf,,,,,drop,0,0
s2,0.232,0,0,96:d0:d1:87:20:b5,42:e2:f2:bb:6b:cf,,,,,drop,0,0
s2,0.226,16912,2942688,42:e2:f2:bb:6b:cf,96:d0:d1:87:20:b5,,,,,drop,0,0
s1,0.036,429836,74791464,42:e2:f2:bb:6b:cf,96:d0:d1:87:20:b5,,,,,drop,102508,17836392
s1,0.034,0,0,96:d0:d1:87:20:b5,42:e2:f2:bb:6b:cf,,,,,drop,0,0
s2,0.231,16912,2942688,42:e2:f2:bb:6b:cf,96:d0:d1:87:20:b5,,,,,drop,0,0
s2,0.229,0,0,96:d0:d1:87:20:b5,42:e2:f2:bb:6b:cf,,,,,drop,0,0
s1,0.031,533115,92762010,42:e2:f2:bb:6b:cf,96:d0:d1:87:20:b5,,,,,drop,103279,17970546
s1,0.030,0,0,96:d0:d1:87:20:b5,42:e2:f2:bb:6b:cf,,,,,drop,0,0
s2,0.231,0,0,96:d0:d1:87:20:b5,42:e2:f2:bb:6b:cf,,,,,drop,0,0
s2,0.228,16912,2942688,42:e2:f2:bb:6b:cf,96:d0:d1:87:20:b5,,,,,drop,0,0
s1,0.036,86109,14982966,42:e2:f2:bb:6b:cf,96:d0:d1:87:20:b5,,,,,drop,0,0
s1,0.032,0,0,96:d0:d1:87:20:b5,42:e2:f2:bb:6b:cf,,,,,drop,0,0
s2,0.231,41643,7245882,42:e2:f2:bb:6b:cf,96:d0:d1:87:20:b5,,,,,drop,24731,4303194
s2,0.231,0,0,96:d0:d1:87:20:b5,42:e2:f2:bb:6b:cf,,,,,drop,0,0
s1,0.036,0,0,96:d0:d1:87:20:b5,42:e2:f2:bb:6b:cf,,,,,drop,0,0
s1,0.029,189954,33051996,42:e2:f2:bb:6b:cf,96:d0:d1:87:20:b5,,,,,drop,103845,18069030
s2,0.233,0,0,96:d0:d1:87:20:b5,42:e2:f2:bb:6b:cf,,,,,drop,0,0
s2,0.231,41643,7245882,42:e2:f2:bb:6b:cf,96:d0:d1:87:20:b5,,,,,drop,0,0
s1,0.032,293767,51115458,42:e2:f2:bb:6b:cf,96:d0:d1:87:20:b5,,,,,drop,103813,18063462
s1,0.031,0,0,96:d0:d1:87:20:b5,42:e2:f2:bb:6b:cf,,,,,drop,0,0
s2,0.231,0,0,96:d0:d1:87:20:b5,42:e2:f2:bb:6b:cf,,,,,drop,0,0
s2,0.229,41643,7245882,42:e2:f2:bb:6b:cf,96:d0:d1:87:20:b5,,,,,drop,0,0
s1,0.041,396117,68924358,42:e2:f2:bb:6b:cf,96:d0:d1:87:20:b5,,,,,drop,102350,17808900
s1,0.040,0,0,96:d0:d1:87:20:b5,42:e2:f2:bb:6b:cf,,,,,drop,0,0
s2,0.238,0,0,96:d0:d1:87:20:b5,42:e2:f2:bb:6b:cf,,,,,drop,0,0
s2,0.237,41643,7245882,42:e2:f2:bb:6b:cf,96:d0:d1:87:20:b5,,,,,drop,0,0
s1,0.035,0,0,96:d0:d1:87:20:b5,42:e2:f2:bb:6b:cf,,,,,drop,0,0
s1,0.030,501407,87244818,42:e2:f2:bb:6b:cf,96:d0:d1:87:20:b5,,,,,drop,105290,18320460
s2,0.229,0,0,96:d0:d1:87:20:b5,42:e2:f2:bb:6b:cf,,,,,drop,0,0
s2,0.225,41643,7245882,42:e2:f2:bb:6b:cf,96:d0:d1:87:20:b5,,,,,drop,0,0
s1,0.032,0,0,96:d0:d1:87:20:b5,42:e2:f2:bb:6b:cf,,,,,drop,0,0
s1,0.031,603726,105048324,42:e2:f2:bb:6b:cf,96:d0:d1:87:20:b5,,,,,drop,102319,17803506
s2,0.146,358,62292,42:e2:f2:bb:6b:cf,96:d0:d1:87:20:b5,,,,,output:3,358,62292
s1,0.021,73395,12770730,42:e2:f2:bb:6b:cf,96:d0:d1:87:20:b5,,,,,drop,0,0
s1,0.019,0,0,96:d0:d1:87:20:b5,42:e2:f2:bb:6b:cf,,,,,drop,0,0
s2,0.218,0,0,96:d0:d1:87:20:b5,42:e2:f2:bb:6b:cf,,,,,drop,0,0
s2,0.216,62230,10828020,42:e2:f2:bb:6b:cf,96:d0:d1:87:20:b5,,,,,drop,20587,3582138
s1,0.032,0,0,96:d0:d1:87:20:b5,42:e2:f2:bb:6b:cf,,,,,drop,0,0
s1,0.031,175649,30562926,42:e2:f2:bb:6b:cf,96:d0:d1:87:20:b5,,,,,drop,102254,17792196
s2,0.233,0,0,96:d0:d1:87:20:b5,42:e2:f2:bb:6b:cf,,,,,drop,0,0
s2,0.233,62230,10828020,42:e2:f2:bb:6b:cf,96:d0:d1:87:20:b5,,,,,drop,0,0
s1,0.036,0,0,96:d0:d1:87:20:b5,42:e2:f2:bb:6b:cf,,,,,drop,0,0
s1,0.031,279303,48598722,42:e2:f2:bb:6b:cf,96:d0:d1:87:20:b5,,,,,drop,103654,18035796
s2,0.237,0,0,96:d0:d1:87:20:b5,42:e2:f2:bb:6b:cf,,,,,drop,0,0
s2,0.231,62230,10828020,42:e2:f2:bb:6b:cf,96:d0:d1:87:20:b5,,,,,drop,0,0
s1,0.031,382967,66636258,42:e2:f2:bb:6b:cf,96:d0:d1:87:20:b5,,,,,drop,103664,18037536
s1,0.028,0,0,96:d0:d1:87:20:b5,42:e2:f2:bb:6b:cf,,,,,drop,0,0
s2,0.235,62230,10828020,42:e2:f2:bb:6b:cf,96:d0:d1:87:20:b5,,,,,drop,0,0
s2,0.229,0,0,96:d0:d1:87:20:b5,42:e2:f2:bb:6b:cf,,,,,drop,0,0
s1,0.034,481069,83706006,42:e2:f2:bb:6b:cf,96:d0:d1:87:20:b5,,,,,drop,98102,17069748
s1,0.033,0,0,96:d0:d1:87:20:b5,42:e2:f2:bb:6b:cf,,,,,drop,0,0
s2,0.230,62230,10828020,42:e2:f2:bb:6b:cf,96:d0:d1:87:20:b5,,,,,drop,0,0
s2,0.225,0,0,96:d0:d1:87:20:b5,42:e2:f2:bb:6b:cf,,,,,drop,0,0
s1,0.036,39272,6833328,42:e2:f2:bb:6b:cf,96:d0:d1:87:20:b5,,,,,drop,0,0
s1,0.033,0,0,96:d0:d1:87:20:b5,42:e2:f2:bb:6b:cf,,,,,drop,0,0
s2,0.234,15100,2627400,42:e2:f2:bb:6b:cf,96:d0:d1:87:20:b5,,,,,drop,0,0
s2,0.232,0,0,96:d0:d1:87:20:b5,42:e2:f2:bb:6b:cf,,,,,drop,0,0
s1,0.030,142203,24743322,42:e2:f2:bb:6b:cf,96:d0:d1:87:20:b5,,,,,drop,102931,17909994
s1,0.030,0,0,96:d0:d1:87:20:b5,42:e2:f2:bb:6b:cf,,,,,drop,0,0
s2,0.229,0,0,96:d0:d1:87:20:b5,42:e2:f2:bb:6b:cf,,,,,drop,0,0
s2,0.228,15100,2627400,42:e2:f2:bb:6b:cf,96:d0:d1:87:20:b5,,,,,drop,0,0
s1,0.034,243934,42444516,42:e2:f2:bb:6b:cf,96:d0:d1:87:20:b5,,,,,drop,101731,17701194
s1,0.030,0,0,96:d0:d1:87:20:b5,42:e2:f2:bb:6b:cf,,,,,drop,0,0
s2,0.233,15100,2627400,42:e2:f2:bb:6b:cf,96:d0:d1:87:20:b5,,,,,drop,0,0
s2,0.229,0,0,96:d0:d1:87:20:b5,42:e2:f2:bb:6b:cf,,,,,drop,0,0
s1,0.032,0,0,96:d0:d1:87:20:b5,42:e2:f2:bb:6b:cf,,,,,drop,0,0
s1,0.027,348939,60715386,42:e2:f2:bb:6b:cf,96:d0:d1:87:20:b5,,,,,drop,105005,18270870
s2,0.232,0,0,96:d0:d1:87:20:b5,42:e2:f2:bb:6b:cf,,,,,drop,0,0
s2,0.223,15100,2627400,42:e2:f2:bb:6b:cf,96:d0:d1:87:20:b5,,,,,drop,0,0
s1,0.035,451218,78511932,42:e2:f2:bb:6b:cf,96:d0:d1:87:20:b5,,,,,drop,102279,17796546
s1,0.032,0,0,96:d0:d1:87:20:b5,42:e2:f2:bb:6b:cf,,,,,drop,0,0
s2,0.233,0,0,96:d0:d1:87:20:b5,42:e2:f2:bb:6b:cf,,,,,drop,0,0
s2,0.231,15100,2627400,42:e2:f2:bb:6b:cf,96:d0:d1:87:20:b5,,,,,drop,0,0
s1,0.032,555294,96621156,42:e2:f2:bb:6b:cf,96:d0:d1:87:20:b5,,,,,drop,104076,18109224
s1,0.029,0,0,96:d0:d1:87:20:b5,42:e2:f2:bb:6b:cf,,,,,drop,0,0
s2,0.234,0,0,96:d0:d1:87:20:b5,42:e2:f2:bb:6b:cf,,,,,drop,0,0
s2,0.228,15100,2627400,42:e2:f2:bb:6b:cf,96:d0:d1:87:20:b5,,,,,drop,0,0
s1,0.030,0,0,96:d0:d1:87:20:b5,42:e2:f2:bb:6b:cf,,,,,drop,0,0
s1,0.027,90176,15690624,42:e2:f2:bb:6b:cf,96:d0:d1:87:20:b5,,,,,drop,0,0
s2,0.229,0,0,96:d0:d1:87:20:b5,42:e2:f2:bb:6b:cf,,,,,drop,0,0
s2,0.221,36269,6310806,42:e2:f2:bb:6b:cf,96:d0:d1:87:20:b5,,,,,drop,21169,3683406
s1,0.037,0,0,96:d0:d1:87:20:b5,42:e2:f2:bb:6b:cf,,,,,drop,0,0
s1,0.035,193083,33596442,42:e2:f2:bb:6b:cf,96:d0:d1:87:20:b5,,,,,drop,102907,17905818
s2,0.234,0,0,96:d0:d1:87:20:b5,42:e2:f2:bb:6b:cf,,,,,drop,0,0
s2,0.228,36277,6312198,42:e2:f2:bb:6b:cf,96:d0:d1:87:20:b5,,,,,drop,8,1392
s1,0.018,296671,51620754,42:e2:f2:bb:6b:cf,96:d0:d1:87:20:b5,,,,,drop,103588,18024312
s1,0.017,0,0,96:d0:d1:87:20:b5,42:e2:f2:bb:6b:cf,,,,,drop,0,0
s2,0.226,0,0,96:d0:d1:87:20:b5,42:e2:f2:bb:6b:cf,,,,,drop,0,0
s2,0.221,36277,6312198,42:e2:f2:bb:6b:cf,96:d0:d1:87:20:b5,,,,,drop,0,0
s1,0.047,400624,69708576,42:e2:f2:bb:6b:cf,96:d0:d1:87:20:b5,,,,,drop,103953,18087822
s1,0.047,0,0,96:d0:d1:87:20:b5,42:e2:f2:bb:6b:cf,,,,,drop,0,0
s2,0.237,0,0,96:d0:d1:87:20:b5,42:e2:f2:bb:6b:cf,,,,,drop,0,0
s2,0.237,36277,6312198,42:e2:f2:bb:6b:cf,96:d0:d1:87:20:b5,,,,,drop,0,0
s1,0.020,0,0,96:d0:d1:87:20:b5,42:e2:f2:bb:6b:cf,,,,,drop,0,0
s1,0.016,505840,88016160,42:e2:f2:bb:6b:cf,96:d0:d1:87:20:b5,,,,,drop,105216,18307584
s2,0.209,0,0,96:d0:d1:87:20:b5,42:e2:f2:bb:6b:cf,,,,,drop,0,0
s2,0.209,36277,6312198,42:e2:f2:bb:6b:cf,96:d0:d1:87:20:b5,,,,,drop,0,0
s1,0.034,607928,105779472,42:e2:f2:bb:6b:cf,96:d0:d1:87:20:b5,,,,,drop,102088,17763312
s1,0.030,0,0,96:d0:d1:87:20:b5,42:e2:f2:bb:6b:cf,,,,,drop,0,0
s2,0.102,0,0,42:e2:f2:bb:6b:cf,96:d0:d1:87:20:b5,,,,,output:3,0,0
s1,0.033,76613,13330662,42:e2:f2:bb:6b:cf,96:d0:d1:87:20:b5,,,,,drop,0,0
s1,0.031,0,0,96:d0:d1:87:20:b5,42:e2:f2:bb:6b:cf,,,,,drop,0,0
s2,0.233,0,0,96:d0:d1:87:20:b5,42:e2:f2:bb:6b:cf,,,,,drop,0,0
s2,0.226,60612,10546488,42:e2:f2:bb:6b:cf,96:d0:d1:87:20:b5,,,,,drop,24335,4234290
s1,0.028,0,0,96:d0:d1:87:20:b5,42:e2:f2:bb:6b:cf,,,,,drop,0,0
s1,0.027,183065,31853310,42:e2:f2:bb:6b:cf,96:d0:d1:87:20:b5,,,,,drop,106452,18522648
s2,0.226,60612,10546488,42:e2:f2:bb:6b:cf,96:d0:d1:87:20:b5,,,,,drop,0,0
s2,0.224,0,0,96:d0:d1:87:20:b5,42:e2:f2:bb:6b:cf,,,,,drop,0,0
s1,0.012,281986,49065564,42:e2:f2:bb:6b:cf,96:d0:d1:87:20:b5,,,,,drop,98921,17212254
s1,0.011,0,0,96:d0:d1:87:20:b5,42:e2:f2:bb:6b:cf,,,,,drop,0,0
s2,0.291,0,0,96:d0:d1:87:20:b5,42:e2:f2:bb:6b:cf,,,,,drop,0,0
s2,0.287,60612,10546488,42:e2:f2:bb:6b:cf,96:d0:d1:87:20:b5,,,,,drop,0,0
s1,0.018,390144,67885056,42:e2:f2:bb:6b:cf,96:d0:d1:87:20:b5,,,,,drop,108158,18819492
s1,0.017,0,0,96:d0:d1:87:20:b5,42:e2:f2:bb:6b:cf,,,,,drop,0,0
s2,0.211,0,0,96:d0:d1:87:20:b5,42:e2:f2:bb:6b:cf,,,,,drop,0,0
s2,0.209,60612,10546488,42:e2:f2:bb:6b:cf,96:d0:d1:87:20:b5,,,,,drop,0,0
s1,0.034,491672,85550928,42:e2:f2:bb:6b:cf,96:d0:d1:87:20:b5,,,,,drop,101528,17665872
s1,0.033,0,0,96:d0:d1:87:20:b5,42:e2:f2:bb:6b:cf,,,,,drop,0,0
s2,0.240,60612,10546488,42:e2:f2:bb:6b:cf,96:d0:d1:87:20:b5,,,,,drop,0,0
s2,0.237,0,0,96:d0:d1:87:20:b5,42:e2:f2:bb:6b:cf,,,,,drop,0,0
s1,0.027,0,0,96:d0:d1:87:20:b5,42:e2:f2:bb:6b:cf,,,,,drop,0,0
s1,0.027,34401,5985774,42:e2:f2:bb:6b:cf,96:d0:d1:87:20:b5,,,,,drop,0,0
s2,0.228,26187,4556538,42:e2:f2:bb:6b:cf,96:d0:d1:87:20:b5,,,,,drop,0,0
s2,0.223,0,0,96:d0:d1:87:20:b5,42:e2:f2:bb:6b:cf,,,,,drop,0,0
s1,0.029,137426,23912124,42:e2:f2:bb:6b:cf,96:d0:d1:87:20:b5,,,,,drop,103025,17926350
s1,0.024,0,0,96:d0:d1:87:20:b5,42:e2:f2:bb:6b:cf,,,,,drop,0,0
s2,0.226,0,0,96:d0:d1:87:20:b5,42:e2:f2:bb:6b:cf,,,,,drop,0,0
s2,0.222,26202,4559148,42:e2:f2:bb:6b:cf,96:d0:d1:87:20:b5,,,,,drop,15,2610
s1,0.033,0,0,96:d0:d1:87:20:b5,42:e2:f2:bb:6b:cf,,,,,drop,0,0
s1,0.030,241591,42036834,42:e2:f2:bb:6b:cf,96:d0:d1:87:20:b5,,,,,drop,104165,18124710
s2,0.232,0,0,96:d0:d1:87:20:b5,42:e2:f2:bb:6b:cf,,,,,drop,0,0
s2,0.226,26202,4559148,42:e2:f2:bb:6b:cf,96:d0:d1:87:20:b5,,,,,drop,0,0
s1,0.025,341649,59446926,42:e2:f2:bb:6b:cf,96:d0:d1:87:20:b5,,,,,drop,100058,17410092
s1,0.023,0,0,96:d0:d1:87:20:b5,42:e2:f2:bb:6b:cf,,,,,drop,0,0
s2,0.222,0,0,96:d0:d1:87:20:b5,42:e2:f2:bb:6b:cf,,,,,drop,0,0
s2,0.218,26202,4559148,42:e2:f2:bb:6b:cf,96:d0:d1:87:20:b5,,,,,drop,0,0
s1,0.031,445145,77455230,42:e2:f2:bb:6b:cf,96:d0:d1:87:20:b5,,,,,drop,103496,18008304
s1,0.028,0,0,96:d0:d1:87:20:b5,42:e2:f2:bb:6b:cf,,,,,drop,0,0
s2,0.233,26202,4559148,42:e2:f2:bb:6b:cf,96:d0:d1:87:20:b5,,,,,drop,0,0
s2,0.226,0,0,96:d0:d1:87:20:b5,42:e2:f2:bb:6b:cf,,,,,drop,0,0
s1,0.034,548965,95519910,42:e2:f2:bb:6b:cf,96:d0:d1:87:20:b5,,,,,drop,103820,18064680
s1,0.032,0,0,96:d0:d1:87:20:b5,42:e2:f2:bb:6b:cf,,,,,drop,0,0
s2,0.234,26202,4559148,42:e2:f2:bb:6b:cf,96:d0:d1:87:20:b5,,,,,drop,0,0
s2,0.232,0,0,96:d0:d1:87:20:b5,42:e2:f2:bb:6b:cf,,,,,drop,0,0
s1,0.036,83588,14544312,42:e2:f2:bb:6b:cf,96:d0:d1:87:20:b5,,,,,drop,0,0
s1,0.033,0,0,96:d0:d1:87:20:b5,42:e2:f2:bb:6b:cf,,,,,drop,0,0
s2,0.228,47138,8202012,42:e2:f2:bb:6b:cf,96:d0:d1:87:20:b5,,,,,drop,20936,3642864
s2,0.226,0,0,96:d0:d1:87:20:b5,42:e2:f2:bb:6b:cf,,,,,drop,0,0
s1,0.035,0,0,96:d0:d1:87:20:b5,42:e2:f2:bb:6b:cf,,,,,drop,0,0
s1,0.030,187392,32606208,42:e2:f2:bb:6b:cf,96:d0:d1:87:20:b5,,,,,drop,103804,18061896
s2,0.231,0,0,96:d0:d1:87:20:b5,42:e2:f2:bb:6b:cf,,,,,drop,0,0
s2,0.228,47138,8202012,42:e2:f2:bb:6b:cf,96:d0:d1:87:20:b5,,,,,drop,0,0
s1,0.033,0,0,96:d0:d1:87:20:b5,42:e2:f2:bb:6b:cf,,,,,drop,0,0
s1,0.028,293573,51081702,42:e2:f2:bb:6b:cf,96:d0:d1:87:20:b5,,,,,drop,106181,18475494
s2,0.233,47138,8202012,42:e2:f2:bb:6b:cf,96:d0:d1:87:20:b5,,,,,drop,0,0
s2,0.229,0,0,96:d0:d1:87:20:b5,42:e2:f2:bb:6b:cf,,,,,drop,0,0
s1,0.034,397302,69130548,42:e2:f2:bb:6b:cf,96:d0:d1:87:20:b5,,,,,drop,103729,18048846
s1,0.032,0,0,96:d0:d1:87:20:b5,42:e2:f2:bb:6b:cf,,,,,drop,0,0
s2,0.226,0,0,96:d0:d1:87:20:b5,42:e2:f2:bb:6b:cf,,,,,drop,0,0
s2,0.221,47138,8202012,42:e2:f2:bb:6b:cf,96:d0:d1:87:20:b5,,,,,drop,0,0
s1,0.044,0,0,96:d0:d1:87:20:b5,42:e2:f2:bb:6b:cf,,,,,drop,0,0
s1,0.040,499028,86830872,42:e2:f2:bb:6b:cf,96:d0:d1:87:20:b5,,,,,drop,101726,17700324
s2,0.235,47138,8202012,42:e2:f2:bb:6b:cf,96:d0:d1:87:20:b5,,,,,drop,0,0
s2,0.234,0,0,96:d0:d1:87:20:b5,42:e2:f2:bb:6b:cf,,,,,drop,0,0
s1,0.032,0,0,96:d0:d1:87:20:b5,42:e2:f2:bb:6b:cf,,,,,drop,0,0
s1,0.030,42545,7402830,42:e2:f2:bb:6b:cf,96:d0:d1:87:20:b5,,,,,drop,0,0
s2,0.250,0,0,96:d0:d1:87:20:b5,42:e2:f2:bb:6b:cf,,,,,drop,0,0
s2,0.248,1548,269352,42:e2:f2:bb:6b:cf,96:d0:d1:87:20:b5,,,,,drop,0,0
s1,0.033,0,0,96:d0:d1:87:20:b5,42:e2:f2:bb:6b:cf,,,,,drop,0,0
s1,0.031,150500,26187000,42:e2:f2:bb:6b:cf,96:d0:d1:87:20:b5,,,,,drop,107955,18784170
s2,0.247,0,0,96:d0:d1:87:20:b5,42:e2:f2:bb:6b:cf,,,,,drop,0,0
s2,0.246,1548,269352,42:e2:f2:bb:6b:cf,96:d0:d1:87:20:b5,,,,,drop,0,0
s1,0.036,0,0,96:d0:d1:87:20:b5,42:e2:f2:bb:6b:cf,,,,,drop,0,0
s1,0.033,256483,44628042,42:e2:f2:bb:6b:cf,96:d0:d1:87:20:b5,,,,,drop,105983,18441042
s2,0.248,0,0,96:d0:d1:87:20:b5,42:e2:f2:bb:6b:cf,,,,,drop,0,0
s2,0.243,1548,269352,42:e2:f2:bb:6b:cf,96:d0:d1:87:20:b5,,,,,drop,0,0
s1,0.038,355723,61895802,42:e2:f2:bb:6b:cf,96:d0:d1:87:20:b5,,,,,drop,99240,17267760
s1,0.032,0,0,96:d0:d1:87:20:b5,42:e2:f2:bb:6b:cf,,,,,drop,0,0
s2,0.261,1548,269352,42:e2:f2:bb:6b:cf,96:d0:d1:87:20:b5,,,,,drop,0,0
s2,0.257,0,0,96:d0:d1:87:20:b5,42:e2:f2:bb:6b:cf,,,,,drop,0,0
s1,0.033,0,0,96:d0:d1:87:20:b5,42:e2:f2:bb:6b:cf,,,,,drop,0,0
s1,0.028,456427,79418298,42:e2:f2:bb:6b:cf,96:d0:d1:87:20:b5,,,,,drop,100704,17522496
s2,0.253,1548,269352,42:e2:f2:bb:6b:cf,96:d0:d1:87:20:b5,,,,,drop,0,0
s2,0.250,0,0,96:d0:d1:87:20:b5,42:e2:f2:bb:6b:cf,,,,,drop,0,0
s1,0.038,559299,97318026,42:e2:f2:bb:6b:cf,96:d0:d1:87:20:b5,,,,,drop,102872,17899728
s1,0.035,0,0,96:d0:d1:87:20:b5,42:e2:f2:bb:6b:cf,,,,,drop,0,0
s2,0.184,0,0,42:e2:f2:bb:6b:cf,96:d0:d1:87:20:b5,,,,,output:3,0,0
s1,0.013,75143,13074882,42:e2:f2:bb:6b:cf,96:d0:d1:87:20:b5,,,,,drop,0,0
s1,0.013,0,0,96:d0:d1:87:20:b5,42:e2:f2:bb:6b:cf,,,,,drop,0,0
s2,0.221,0,0,96:d0:d1:87:20:b5,42:e2:f2:bb:6b:cf,,,,,drop,0,0
s2,0.216,67959,11824866,42:e2:f2:bb:6b:cf,96:d0:d1:87:20:b5,,,,,drop,66411,11555514
s1,0.034,175524,30541176,42:e2:f2:bb:6b:cf,96:d0:d1:87:20:b5,,,,,drop,100381,17466294
s1,0.031,0,0,96:d0:d1:87:20:b5,42:e2:f2:bb:6b:cf,,,,,drop,0,0
s2,0.253,67959,11824866,42:e2:f2:bb:6b:cf,96:d0:d1:87:20:b5,,,,,drop,0,0
s2,0.248,0,0,96:d0:d1:87:20:b5,42:e2:f2:bb:6b:cf,,,,,drop,0,0
s1,0.030,0,0,96:d0:d1:87:20:b5,42:e2:f2:bb:6b:cf,,,,,drop,0,0
s1,0.023,275645,47962230,42:e2:f2:bb:6b:cf,96:d0:d1:87:20:b5,,,,,drop,100121,17421054
s2,0.289,0,0,96:d0:d1:87:20:b5,42:e2:f2:bb:6b:cf,,,,,drop,0,0
s2,0.287,67959,11824866,42:e2:f2:bb:6b:cf,96:d0:d1:87:20:b5,,,,,drop,0,0
s1,0.034,377513,65687262,42:e2:f2:bb:6b:cf,96:d0:d1:87:20:b5,,,,,drop,101868,17725032
s1,0.028,0,0,96:d0:d1:87:20:b5,42:e2:f2:bb:6b:cf,,,,,drop,0,0
s2,0.290,67959,11824866,42:e2:f2:bb:6b:cf,96:d0:d1:87:20:b5,,,,,drop,0,0
s2,0.287,0,0,96:d0:d1:87:20:b5,42:e2:f2:bb:6b:cf,,,,,drop,0,0
s1,0.021,20343,3539682,42:e2:f2:bb:6b:cf,96:d0:d1:87:20:b5,,,,,drop,0,0
s1,0.020,0,0,96:d0:d1:87:20:b5,42:e2:f2:bb:6b:cf,,,,,drop,0,0
s2,0.317,0,0,96:d0:d1:87:20:b5,42:e2:f2:bb:6b:cf,,,,,drop,0,0
s2,0.314,19898,3462252,42:e2:f2:bb:6b:cf,96:d0:d1:87:20:b5,,,,,drop,0,0
s1,0.033,0,0,96:d0:d1:87:20:b5,42:e2:f2:bb:6b:cf,,,,,drop,0,0
s1,0.030,126534,22016916,42:e2:f2:bb:6b:cf,96:d0:d1:87:20:b5,,,,,drop,106191,18477234
s2,0.314,19898,3462252,42:e2:f2:bb:6b:cf,96:d0:d1:87:20:b5,,,,,drop,0,0
s2,0.311,0,0,96:d0:d1:87:20:b5,42:e2:f2:bb:6b:cf,,,,,drop,0,0
s1,0.033,233914,40701036,42:e2:f2:bb:6b:cf,96:d0:d1:87:20:b5,,,,,drop,107380,18684120
s1,0.027,0,0,96:d0:d1:87:20:b5,42:e2:f2:bb:6b:cf,,,,,drop,0,0
s2,0.310,0,0,96:d0:d1:87:20:b5,42:e2:f2:bb:6b:cf,,,,,drop,0,0
s2,0.306,19898,3462252,42:e2:f2:bb:6b:cf,96:d0:d1:87:20:b5,,,,,drop,0,0
s1,0.027,0,0,96:d0:d1:87:20:b5,42:e2:f2:bb:6b:cf,,,,,drop,0,0
s1,0.026,334982,58286868,42:e2:f2:bb:6b:cf,96:d0:d1:87:20:b5,,,,,drop,101068,17585832
s2,0.290,0,0,96:d0:d1:87:20:b5,42:e2:f2:bb:6b:cf,,,,,drop,0,0
s2,0.290,19898,3462252,42:e2:f2:bb:6b:cf,96:d0:d1:87:20:b5,,,,,drop,0,0
s1,0.013,0,0,96:d0:d1:87:20:b5,42:e2:f2:bb:6b:cf,,,,,drop,0,0
s1,0.009,53731,9349194,42:e2:f2:bb:6b:cf,96:d0:d1:87:20:b5,,,,,drop,0,0
s2,0.281,0,0,96:d0:d1:87:20:b5,42:e2:f2:bb:6b:cf,,,,,drop,0,0
s2,0.280,7139,1242186,42:e2:f2:bb:6b:cf,96:d0:d1:87:20:b5,,,,,drop,0,0
s1,0.043,141901,24690774,42:e2:f2:bb:6b:cf,96:d0:d1:87:20:b5,,,,,drop,88170,15341580
s1,0.036,0,0,96:d0:d1:87:20:b5,42:e2:f2:bb:6b:cf,,,,,drop,0,0
s2,0.284,7147,1243578,42:e2:f2:bb:6b:cf,96:d0:d1:87:20:b5,,,,,drop,8,1392
s2,0.282,0,0,96:d0:d1:87:20:b5,42:e2:f2:bb:6b:cf,,,,,drop,0,0
s1,0.027,0,0,96:d0:d1:87:20:b5,42:e2:f2:bb:6b:cf,,,,,drop,0,0
s1,0.024,251671,43790754,42:e2:f2:bb:6b:cf,96:d0:d1:87:20:b5,,,,,drop,109770,19099980
s2,0.251,0,0,96:d0:d1:87:20:b5,42:e2:f2:bb:6b:cf,,,,,drop,0,0
s2,0.250,7147,1243578,42:e2:f2:bb:6b:cf,96:d0:d1:87:20:b5,,,,,drop,0,0
s1,0.032,0,0,96:d0:d1:87:20:b5,42:e2:f2:bb:6b:cf,,,,,drop,0,0
s1,0.029,357839,62263986,42:e2:f2:bb:6b:cf,96:d0:d1:87:20:b5,,,,,drop,106168,18473232
s2,0.267,0,0,96:d0:d1:87:20:b5,42:e2:f2:bb:6b:cf,,,,,drop,0,0
s2,0.264,7147,1243578,42:e2:f2:bb:6b:cf,96:d0:d1:87:20:b5,,,,,drop,0,0
s1,0.019,466767,81217458,42:e2:f2:bb:6b:cf,96:d0:d1:87:20:b5,,,,,drop,108928,18953472
s1,0.018,0,0,96:d0:d1:87:20:b5,42:e2:f2:bb:6b:cf,,,,,drop,0,0
s2,0.244,0,0,96:d0:d1:87:20:b5,42:e2:f2:bb:6b:cf,,,,,drop,0,0
s2,0.241,7147,1243578,42:e2:f2:bb:6b:cf,96:d0:d1:87:20:b5,,,,,drop,0,0
s1,0.045,0,0,96:d0:d1:87:20:b5,42:e2:f2:bb:6b:cf,,,,,drop,0,0
s1,0.043,22471,3909954,42:e2:f2:bb:6b:cf,96:d0:d1:87:20:b5,,,,,drop,0,0
s2,0.307,0,0,96:d0:d1:87:20:b5,42:e2:f2:bb:6b:cf,,,,,drop,0,0
s2,0.306,21576,3754224,42:e2:f2:bb:6b:cf,96:d0:d1:87:20:b5,,,,,drop,14429,2510646
s1,0.044,129259,22491066,42:e2:f2:bb:6b:cf,96:d0:d1:87:20:b5,,,,,drop,106788,18581112
s1,0.042,0,0,96:d0:d1:87:20:b5,42:e2:f2:bb:6b:cf,,,,,drop,0,0
s2,0.281,0,0,96:d0:d1:87:20:b5,42:e2:f2:bb:6b:cf,,,,,drop,0,0
s2,0.278,21576,3754224,42:e2:f2:bb:6b:cf,96:d0:d1:87:20:b5,,,,,drop,0,0
s1,0.030,239305,41639070,42:e2:f2:bb:6b:cf,96:d0:d1:87:20:b5,,,,,drop,110046,19148004
s1,0.025,0,0,96:d0:d1:87:20:b5,42:e2:f2:bb:6b:cf,,,,,drop,0,0
s2,0.276,0,0,96:d0:d1:87:20:b5,42:e2:f2:bb:6b:cf,,,,,drop,0,0
s2,0.266,21576,3754224,42:e2:f2:bb:6b:cf,96:d0:d1:87:20:b5,,,,,drop,0,0
s1,0.012,344619,59963706,42:e2:f2:bb:6b:cf,96:d0:d1:87:20:b5,,,,,drop,105314,18324636
s1,0.011,0,0,96:d0:d1:87:20:b5,42:e2:f2:bb:6b:cf,,,,,drop,0,0
s2,0.255,21576,3754224,42:e2:f2:bb:6b:cf,96:d0:d1:87:20:b5,,,,,drop,0,0
s2,0.254,0,0,96:d0:d1:87:20:b5,42:e2:f2:bb:6b:cf,,,,,drop,0,0
s1,0.035,449362,78188988,42:e2:f2:bb:6b:cf,96:d0:d1:87:20:b5,,,,,drop,104743,18225282
s1,0.034,0,0,96:d0:d1:87:20:b5,42:e2:f2:bb:6b:cf,,,,,drop,0,0
s2,0.259,0,0,96:d0:d1:87:20:b5,42:e2:f2:bb:6b:cf,,,,,drop,0,0
s2,0.255,21576,3754224,42:e2:f2:bb:6b:cf,96:d0:d1:87:20:b5,,,,,drop,0,0
s1,0.034,0,0,96:d0:d1:87:20:b5,42:e2:f2:bb:6b:cf,,,,,drop,0,0
s1,0.031,84473,14698302,42:e2:f2:bb:6b:cf,96:d0:d1:87:20:b5,,,,,drop,0,0
s2,0.243,0,0,96:d0:d1:87:20:b5,42:e2:f2:bb:6b:cf,,,,,drop,0,0
s2,0.242,35738,6218412,42:e2:f2:bb:6b:cf,96:d0:d1:87:20:b5,,,,,drop,14162,2464188
s1,0.031,193180,33613320,42:e2:f2:bb:6b:cf,96:d0:d1:87:20:b5,,,,,drop,108707,18915018
s1,0.028,0,0,96:d0:d1:87:20:b5,42:e2:f2:bb:6b:cf,,,,,drop,0,0
s2,0.289,0,0,96:d0:d1:87:20:b5,42:e2:f2:bb:6b:cf,,,,,drop,0,0
s2,0.287,35738,6218412,42:e2:f2:bb:6b:cf,96:d0:d1:87:20:b5,,,,,drop,0,0
s1,0.036,301698,52495452,42:e2:f2:bb:6b:cf,96:d0:d1:87:20:b5,,,,,drop,108518,18882132
s1,0.033,0,0,96:d0:d1:87:20:b5,42:e2:f2:bb:6b:cf,,,,,drop,0,0
s2,0.271,0,0,96:d0:d1:87:20:b5,42:e2:f2:bb:6b:cf,,,,,drop,0,0
s2,0.266,35738,6218412,42:e2:f2:bb:6b:cf,96:d0:d1:87:20:b5,,,,,drop,0,0
s1,0.031,0,0,96:d0:d1:87:20:b5,42:e2:f2:bb:6b:cf,,,,,drop,0,0
s1,0.030,408658,71106492,42:e2:f2:bb:6b:cf,96:d0:d1:87:20:b5,,,,,drop,106960,18611040
s2,0.280,0,0,96:d0:d1:87:20:b5,42:e2:f2:bb:6b:cf,,,,,drop,0,0
s2,0.278,35738,6218412,42:e2:f2:bb:6b:cf,96:d0:d1:87:20:b5,,,,,drop,0,0
s1,0.030,0,0,96:d0:d1:87:20:b5,42:e2:f2:bb:6b:cf,,,,,drop,0,0
s1,0.029,516005,89784870,42:e2:f2:bb:6b:cf,96:d0:d1:87:20:b5,,,,,drop,107347,18678378
s2,0.242,0,0,96:d0:d1:87:20:b5,42:e2:f2:bb:6b:cf,,,,,drop,0,0
s2,0.232,35738,6218412,42:e2:f2:bb:6b:cf,96:d0:d1:87:20:b5,,,,,drop,0,0
s1,0.013,0,0,96:d0:d1:87:20:b5,42:e2:f2:bb:6b:cf,,,,,drop,0,0
s1,0.009,83979,14612346,42:e2:f2:bb:6b:cf,96:d0:d1:87:20:b5,,,,,drop,0,0
s2,0.252,49137,8549838,42:e2:f2:bb:6b:cf,96:d0:d1:87:20:b5,,,,,drop,13399,2331426
s2,0.252,0,0,96:d0:d1:87:20:b5,42:e2:f2:bb:6b:cf,,,,,drop,0,0
s1,0.031,187699,32659626,42:e2:f2:bb:6b:cf,96:d0:d1:87:20:b5,,,,,drop,103720,18047280
s1,0.028,0,0,96:d0:d1:87:20:b5,42:e2:f2:bb:6b:cf,,,,,drop,0,0
s2,0.279,0,0,96:d0:d1:87:20:b5,42:e2:f2:bb:6b:cf,,,,,drop,0,0
s2,0.276,49153,8552622,42:e2:f2:bb:6b:cf,96:d0:d1:87:20:b5,,,,,drop,16,2784
s1,0.040,0,0,96:d0:d1:87:20:b5,42:e2:f2:bb:6b:cf,,,,,drop,0,0
s1,0.039,292334,50866116,42:e2:f2:bb:6b:cf,96:d0:d1:87:20:b5,,,,,drop,104635,18206490
s2,0.266,0,0,96:d0:d1:87:20:b5,42:e2:f2:bb:6b:cf,,,,,drop,0,0
s2,0.265,49153,8552622,42:e2:f2:bb:6b:cf,96:d0:d1:87:20:b5,,,,,drop,0,0
s1,0.036,396226,68943324,42:e2:f2:bb:6b:cf,96:d0:d1:87:20:b5,,,,,drop,103892,18077208
s1,0.035,0,0,96:d0:d1:87:20:b5,42:e2:f2:bb:6b:cf,,,,,drop,0,0
s2,0.241,49153,8552622,42:e2:f2:bb:6b:cf,96:d0:d1:87:20:b5,,,,,drop,0,0
s2,0.240,0,0,96:d0:d1:87:20:b5,42:e2:f2:bb:6b:cf,,,,,drop,0,0
s1,0.036,502222,87386628,42:e2:f2:bb:6b:cf,96:d0:d1:87:20:b5,,,,,drop,105996,18443304
s1,0.035,0,0,96:d0:d1:87:20:b5,42:e2:f2:bb:6b:cf,,,,,drop,0,0
s2,0.059,0,0,42:e2:f2:bb:6b:cf,96:d0:d1:87:20:b5,,,,,output:3,0,0
s1,0.035,77611,13504314,42:e2:f2:bb:6b:cf,96:d0:d1:87:20:b5,,,,,drop,0,0
s1,0.033,0,0,96:d0:d1:87:20:b5,42:e2:f2:bb:6b:cf,,,,,drop,0,0
s2,0.235,56296,9795504,42:e2:f2:bb:6b:cf,96:d0:d1:87:20:b5,,,,,drop,7143,1242882
s2,0.232,0,0,96:d0:d1:87:20:b5,42:e2:f2:bb:6b:cf,,,,,drop,0,0
s1,0.035,174596,30379704,42:e2:f2:bb:6b:cf,96:d0:d1:87:20:b5,,,,,drop,96985,16875390
s1,0.032,0,0,96:d0:d1:87:20:b5,42:e2:f2:bb:6b:cf,,,,,drop,0,0
s2,0.262,0,0,96:d0:d1:87:20:b5,42:e2:f2:bb:6b:cf,,,,,drop,0,0
s2,0.259,56296,9795504,42:e2:f2:bb:6b:cf,96:d0:d1:87:20:b5,,,,,drop,0,0
s1,0.030,281529,48986046,42:e2:f2:bb:6b:cf,96:d0:d1:87:20:b5,,,,,drop,106933,18606342
s1,0.027,0,0,96:d0:d1:87:20:b5,42:e2:f2:bb:6b:cf,,,,,drop,0,0
s2,0.296,0,0,96:d0:d1:87:20:b5,42:e2:f2:bb:6b:cf,,,,,drop,0,0
s2,0.295,56296,9795504,42:e2:f2:bb:6b:cf,96:d0:d1:87:20:b5,,,,,drop,0,0
s1,0.033,0,0,96:d0:d1:87:20:b5,42:e2:f2:bb:6b:cf,,,,,drop,0,0
s1,0.029,389539,67779786,42:e2:f2:bb:6b:cf,96:d0:d1:87:20:b5,,,,,drop,108010,18793740
s2,0.246,0,0,96:d0:d1:87:20:b5,42:e2:f2:bb:6b:cf,,,,,drop,0,0
s2,0.242,56296,9795504,42:e2:f2:bb:6b:cf,96:d0:d1:87:20:b5,,,,,drop,0,0
s1,0.028,490624,85368576,42:e2:f2:bb:6b:cf,96:d0:d1:87:20:b5,,,,,drop,101085,17588790
s1,0.023,0,0,96:d0:d1:87:20:b5,42:e2:f2:bb:6b:cf,,,,,drop,0,0
s2,0.221,0,0,96:d0:d1:87:20:b5,42:e2:f2:bb:6b:cf,,,,,drop,0,0
s2,0.220,56296,9795504,42:e2:f2:bb:6b:cf,96:d0:d1:87:20:b5,,,,,drop,0,0
s1,0.034,0,0,96:d0:d1:87:20:b5,42:e2:f2:bb:6b:cf,,,,,drop,0,0
s1,0.033,80878,14072772,42:e2:f2:bb:6b:cf,96:d0:d1:87:20:b5,,,,,drop,0,0
s2,0.229,0,0,96:d0:d1:87:20:b5,42:e2:f2:bb:6b:cf,,,,,drop,0,0
s2,0.228,45501,7917174,42:e2:f2:bb:6b:cf,96:d0:d1:87:20:b5,,,,,drop,0,0
s1,0.039,80878,14072772,42:e2:f2:bb:6b:cf,96:d0:d1:87:20:b5,,,,,drop,0,0
s1,0.032,0,0,96:d0:d1:87:20:b5,42:e2:f2:bb:6b:cf,,,,,drop,0,0
s2,0.225,0,0,96:d0:d1:87:20:b5,42:e2:f2:bb:6b:cf,,,,,drop,0,0
s2,0.224,45501,7917174,42:e2:f2:bb:6b:cf,96:d0:d1:87:20:b5,,,,,drop,0,0
s1,0.032,0,0,96:d0:d1:87:20:b5,42:e2:f2:bb:6b:cf,,,,,drop,0,0
s1,0.031,80878,14072772,42:e2:f2:bb:6b:cf,96:d0:d1:87:20:b5,,,,,drop,0,0
s2,0.213,45501,7917174,42:e2:f2:bb:6b:cf,96:d0:d1:87:20:b5,,,,,drop,0,0
s2,0.212,0,0,96:d0:d1:87:20:b5,42:e2:f2:bb:6b:cf,,,,,drop,0,0
